Data,ANO,MES,AnoMes,NDVI,PreFiltro,FlatBottom,NDVI_media_mensal
2000-02-18,2000,2,2000-02,0.6119,0.6542,0.6542,0.6119
2000-03-05,2000,3,2000-03,0.6542,0.6542,0.6542,0.6146499999999999
2000-03-21,2000,3,2000-03,0.5751,0.5751,0.6542,0.6146499999999999
2000-04-06,2000,4,2000-04,0.6839,0.6839,0.6839,0.5818
2000-04-22,2000,4,2000-04,0.4797,0.4797,0.4808,0.5818
2000-05-08,2000,5,2000-05,0.4808,0.4808,0.4808,0.4264
2000-05-24,2000,5,2000-05,0.372,0.372,0.372,0.4264
2000-06-09,2000,6,2000-06,0.3244,0.3244,0.3244,0.31310000000000004
2000-06-25,2000,6,2000-06,0.3018,0.3018,0.3018,0.31310000000000004
2000-07-11,2000,7,2000-07,0.2622,0.2622,0.2629,0.26255
2000-07-27,2000,7,2000-07,0.2629,0.2629,0.2629,0.26255
2000-08-12,2000,8,2000-08,0.2543,0.2543,0.2543,0.2599
2000-08-28,2000,8,2000-08,0.2655,0.2655,0.2655,0.2599
2000-09-13,2000,9,2000-09,0.2422,0.2422,0.2422,0.23925000000000002
2000-09-29,2000,9,2000-09,0.2363,0.2363,0.2422,0.23925000000000002
2000-10-15,2000,10,2000-10,0.2792,0.2792,0.2792,0.29710000000000003
2000-10-31,2000,10,2000-10,0.315,0.315,0.315,0.29710000000000003
2000-11-16,2000,11,2000-11,0.3481,0.4808,0.4808,0.3481
2000-12-02,2000,12,2000-12,0.1229,0.6467,0.6467,0.4677
2000-12-18,2000,12,2000-12,0.8125,0.8125,0.8125,0.4677
2001-01-01,2001,1,2001-01,0.8125,0.8125,0.8125,0.6063000000000001
2001-01-17,2001,1,2001-01,0.4001,0.4001,0.7677,0.6063000000000001
2001-02-02,2001,2,2001-02,0.7677,0.7677,0.7677,0.72895
2001-02-18,2001,2,2001-02,0.6902,0.5699,0.5699,0.72895
2001-03-06,2001,3,2001-03,0.3721,0.3721,0.3721,0.36970000000000003
2001-03-22,2001,3,2001-03,0.3673,0.3673,0.3673,0.36970000000000003
2001-04-07,2001,4,2001-04,0.3868,0.3868,0.3868,0.42674999999999996
2001-04-23,2001,4,2001-04,0.4667,0.4667,0.4667,0.42674999999999996
2001-05-09,2001,5,2001-05,0.4275,0.4275,0.4667,0.52335
2001-05-25,2001,5,2001-05,0.6192,0.6192,0.6192,0.52335
2001-06-10,2001,6,2001-06,0.5357,0.5357,0.5357,0.4447
2001-06-26,2001,6,2001-06,0.3537,0.3537,0.3546,0.4447
2001-07-12,2001,7,2001-07,0.3546,0.3546,0.3546,0.32185
2001-07-28,2001,7,2001-07,0.2891,0.2891,0.2891,0.32185
2001-08-13,2001,8,2001-08,0.2708,0.2708,0.2708,0.28235
2001-08-29,2001,8,2001-08,0.2939,0.2939,0.2939,0.28235
2001-09-14,2001,9,2001-09,0.2689,0.2689,0.2939,0.33704999999999996
2001-09-30,2001,9,2001-09,0.4052,0.4052,0.4052,0.33704999999999996
2001-10-16,2001,10,2001-10,0.429,0.429,0.429,0.429
2001-11-01,2001,11,2001-11,0.4839,0.4839,0.4839,0.3674
2001-11-17,2001,11,2001-11,0.2509,0.5698,0.5698,0.3674
2001-12-03,2001,12,2001-12,0.5669,0.6557,0.6557,0.59565
2001-12-19,2001,12,2001-12,0.6244,0.7415,0.7415,0.59565
2002-01-01,2002,1,2002-01,0.8274,0.8274,0.8274,0.7515499999999999
2002-01-17,2002,1,2002-01,0.6757,0.6757,0.6757,0.7515499999999999
2002-02-02,2002,2,2002-02,0.5521,0.6542,0.6542,0.5924
2002-02-18,2002,2,2002-02,0.6327,0.6327,0.6327,0.5924
2002-03-06,2002,3,2002-03,0.6534,0.6534,0.6534,0.64905
2002-03-22,2002,3,2002-03,0.6447,0.6447,0.6447,0.64905
2002-04-07,2002,4,2002-04,0.444,0.444,0.4814,0.4627
2002-04-23,2002,4,2002-04,0.4814,0.4814,0.4814,0.4627
2002-05-09,2002,5,2002-05,0.4276,0.4276,0.4276,0.4121
2002-05-25,2002,5,2002-05,0.3966,0.3966,0.3966,0.4121
2002-06-10,2002,6,2002-06,0.3245,0.3245,0.3245,0.3013
2002-06-26,2002,6,2002-06,0.2781,0.2781,0.286,0.3013
2002-07-12,2002,7,2002-07,0.286,0.286,0.286,0.28615
2002-07-28,2002,7,2002-07,0.2863,0.2863,0.2863,0.28615
2002-08-13,2002,8,2002-08,0.2629,0.2629,0.2629,0.26615
2002-08-29,2002,8,2002-08,0.2694,0.2694,0.2694,0.26615
2002-09-14,2002,9,2002-09,0.3221,0.3221,0.3221,0.29910000000000003
2002-09-30,2002,9,2002-09,0.2761,0.2761,0.2761,0.29910000000000003
2002-10-16,2002,10,2002-10,0.2571,0.2571,0.2761,0.2571
2002-11-01,2002,11,2002-11,0.4557,0.4557,0.4557,0.49155
2002-11-17,2002,11,2002-11,0.5274,0.5274,0.5274,0.49155
2002-12-03,2002,12,2002-12,0.7976,0.7976,0.7976,0.8103
2002-12-19,2002,12,2002-12,0.823,0.823,0.823,0.8103
2003-01-01,2003,1,2003-01,0.8517,0.8517,0.8517,0.72185
2003-01-17,2003,1,2003-01,0.592,0.6863,0.6863,0.72185
2003-02-02,2003,2,2003-02,0.675,0.5208,0.5208,0.5152
2003-02-18,2003,2,2003-02,0.3554,0.3554,0.412,0.5152
2003-03-06,2003,3,2003-03,0.412,0.412,0.412,0.5659
2003-03-22,2003,3,2003-03,0.7198,0.7198,0.7198,0.5659
2003-04-07,2003,4,2003-04,0.7459,0.7459,0.7459,0.7061
2003-04-23,2003,4,2003-04,0.6663,0.6663,0.6663,0.7061
2003-05-09,2003,5,2003-05,0.5635,0.5635,0.5635,0.5232
2003-05-25,2003,5,2003-05,0.4829,0.4829,0.4829,0.5232
2003-06-10,2003,6,2003-06,0.3692,0.3692,0.3692,0.34814999999999996
2003-06-26,2003,6,2003-06,0.3271,0.3271,0.3271,0.34814999999999996
2003-07-12,2003,7,2003-07,0.2974,0.2974,0.2974,0.28305
2003-07-28,2003,7,2003-07,0.2687,0.2687,0.2687,0.28305
2003-08-13,2003,8,2003-08,0.2864,0.2864,0.2864,0.2742
2003-08-29,2003,8,2003-08,0.262,0.262,0.2864,0.2742
2003-09-14,2003,9,2003-09,0.3085,0.3085,0.3085,0.30574999999999997
2003-09-30,2003,9,2003-09,0.303,0.303,0.3085,0.30574999999999997
2003-10-16,2003,10,2003-10,0.0758,0.4438,0.4438,0.0758
2003-11-01,2003,11,2003-11,0.5846,0.5846,0.5846,0.5999
2003-11-17,2003,11,2003-11,0.6152,0.7155,0.7155,0.5999
2003-12-03,2003,12,2003-12,0.8463,0.8463,0.8463,0.8246500000000001
2003-12-19,2003,12,2003-12,0.803,0.8094,0.8094,0.8246500000000001
2004-01-01,2004,1,2004-01,0.803,0.7724,0.7724,0.6723
2004-01-17,2004,1,2004-01,0.5416,0.7355,0.7355,0.6723
2004-02-02,2004,2,2004-02,0.1222,0.6986,0.6986,0.09795000000000001
2004-02-18,2004,2,2004-02,0.0737,0.6616,0.6616,0.09795000000000001
2004-03-05,2004,3,2004-03,0.6247,0.6247,0.6247,0.5672
2004-03-21,2004,3,2004-03,0.5097,0.6725,0.6725,0.5672
2004-04-06,2004,4,2004-04,0.7204,0.7204,0.7204,0.6553500000000001
2004-04-22,2004,4,2004-04,0.5903,0.5903,0.5903,0.6553500000000001
2004-05-08,2004,5,2004-05,0.4724,0.4724,0.4724,0.4467
2004-05-24,2004,5,2004-05,0.421,0.421,0.421,0.4467
2004-06-09,2004,6,2004-06,0.3596,0.3596,0.3596,0.33499999999999996
2004-06-25,2004,6,2004-06,0.3104,0.3104,0.323,0.33499999999999996
2004-07-11,2004,7,2004-07,0.323,0.323,0.323,0.3189
2004-07-27,2004,7,2004-07,0.3148,0.3148,0.3148,0.3189
2004-08-12,2004,8,2004-08,0.2992,0.2992,0.2992,0.2954
2004-08-28,2004,8,2004-08,0.2916,0.2916,0.2916,0.2954
2004-09-13,2004,9,2004-09,0.3018,0.3018,0.3018,0.3319
2004-09-29,2004,9,2004-09,0.362,0.362,0.362,0.3319
2004-10-15,2004,10,2004-10,0.3826,0.4847,0.4847,0.3831
2004-10-31,2004,10,2004-10,0.3836,0.6075,0.6075,0.3831
2004-11-16,2004,11,2004-11,0.7302,0.7302,0.7302,0.7302
2004-12-02,2004,12,2004-12,0.7414,0.7414,0.7414,0.6068
2004-12-18,2004,12,2004-12,0.4722,0.7946,0.7946,0.6068
2005-01-01,2005,1,2005-01,0.8478,0.8478,0.8478,0.6285000000000001
2005-01-17,2005,1,2005-01,0.4092,0.4092,0.5026,0.6285000000000001
2005-02-02,2005,2,2005-02,0.5714,0.5026,0.5026,0.38515
2005-02-18,2005,2,2005-02,0.1989,0.596,0.596,0.38515
2005-03-06,2005,3,2005-03,0.6894,0.6894,0.6894,0.65465
2005-03-22,2005,3,2005-03,0.6199,0.6199,0.6761,0.65465
2005-04-07,2005,4,2005-04,0.6761,0.6761,0.6761,0.6950000000000001
2005-04-23,2005,4,2005-04,0.7139,0.7139,0.7139,0.6950000000000001
2005-05-09,2005,5,2005-05,0.6132,0.6132,0.6132,0.47004999999999997
2005-05-25,2005,5,2005-05,0.3269,0.3269,0.3269,0.47004999999999997
2005-06-10,2005,6,2005-06,0.3111,0.3111,0.3111,0.3085
2005-06-26,2005,6,2005-06,0.3059,0.3059,0.3059,0.3085
2005-07-12,2005,7,2005-07,0.2742,0.2742,0.2861,0.28015
2005-07-28,2005,7,2005-07,0.2861,0.2861,0.2861,0.28015
2005-08-13,2005,8,2005-08,0.2474,0.2474,0.2824,0.2649
2005-08-29,2005,8,2005-08,0.2824,0.2824,0.2824,0.2649
2005-09-14,2005,9,2005-09,0.3088,0.3088,0.3088,0.31525000000000003
2005-09-30,2005,9,2005-09,0.3217,0.3217,0.3217,0.31525000000000003
2005-10-16,2005,10,2005-10,0.299,0.299,0.3217,0.299
2005-11-01,2005,11,2005-11,0.3901,0.3901,0.3901,0.44075
2005-11-17,2005,11,2005-11,0.4914,0.4914,0.4914,0.44075
2005-12-03,2005,12,2005-12,0.7481,0.6058,0.6058,0.6727000000000001
2005-12-19,2005,12,2005-12,0.5973,0.7203,0.7203,0.6727000000000001
2006-01-01,2006,1,2006-01,0.8347,0.8347,0.8347,0.7468
2006-01-17,2006,1,2006-01,0.6589,0.6589,0.6589,0.7468
2006-02-02,2006,2,2006-02,0.1717,0.6491,0.6491,0.1757
2006-02-18,2006,2,2006-02,0.1797,0.6393,0.6393,0.1757
2006-03-06,2006,3,2006-03,0.3063,0.6296,0.6296,0.41545
2006-03-22,2006,3,2006-03,0.5246,0.6198,0.6198,0.41545
2006-04-07,2006,4,2006-04,-0.3,0.61,0.6198,0.19775
2006-04-23,2006,4,2006-04,0.6955,0.6955,0.6955,0.19775
2006-05-09,2006,5,2006-05,0.6066,0.6066,0.6066,0.50545
2006-05-25,2006,5,2006-05,0.4043,0.4043,0.4043,0.50545
2006-06-10,2006,6,2006-06,0.3921,0.3921,0.3921,0.37195
2006-06-26,2006,6,2006-06,0.3518,0.3518,0.3518,0.37195
2006-07-12,2006,7,2006-07,0.2803,0.2803,0.289,0.28464999999999996
2006-07-28,2006,7,2006-07,0.289,0.289,0.289,0.28464999999999996
2006-08-13,2006,8,2006-08,0.293,0.293,0.293,0.2851
2006-08-29,2006,8,2006-08,0.2772,0.2772,0.293,0.2851
2006-09-14,2006,9,2006-09,0.3105,0.3105,0.3105,0.32055
2006-09-30,2006,9,2006-09,0.3306,0.3306,0.3306,0.32055
2006-10-16,2006,10,2006-10,0.3559,0.3886,0.3886,0.3559
2006-11-01,2006,11,2006-11,0.4467,0.4467,0.4467,0.5621499999999999
2006-11-17,2006,11,2006-11,0.6776,0.5413,0.5413,0.5621499999999999
2006-12-03,2006,12,2006-12,-0.3,0.636,0.636,0.21530000000000002
2006-12-19,2006,12,2006-12,0.7306,0.7306,0.7306,0.21530000000000002
2007-01-01,2007,1,2007-01,0.4027,0.6229,0.6229,0.46885
2007-01-17,2007,1,2007-01,0.535,0.5152,0.5152,0.46885
2007-02-02,2007,2,2007-02,0.0903,0.4075,0.4075,0.19505
2007-02-18,2007,2,2007-02,0.2998,0.2998,0.4075,0.19505
2007-03-06,2007,3,2007-03,0.5673,0.5673,0.5673,0.57855
2007-03-22,2007,3,2007-03,0.5898,0.5898,0.5898,0.57855
2007-04-07,2007,4,2007-04,0.7315,0.7315,0.7315,0.70875
2007-04-23,2007,4,2007-04,0.686,0.686,0.686,0.70875
2007-05-09,2007,5,2007-05,0.4575,0.4575,0.4575,0.4478
2007-05-25,2007,5,2007-05,0.4381,0.4381,0.4381,0.4478
2007-06-10,2007,6,2007-06,0.3216,0.3216,0.3216,0.31055
2007-06-26,2007,6,2007-06,0.2995,0.2995,0.2995,0.31055
2007-07-12,2007,7,2007-07,0.27,0.27,0.27,0.27545
2007-07-28,2007,7,2007-07,0.2809,0.2809,0.2809,0.27545
2007-08-13,2007,8,2007-08,0.2569,0.2569,0.2569,0.2673
2007-08-29,2007,8,2007-08,0.2777,0.2777,0.2777,0.2673
2007-09-14,2007,9,2007-09,0.2627,0.2627,0.2627,0.26
2007-09-30,2007,9,2007-09,0.2573,0.2573,0.2573,0.26
2007-10-16,2007,10,2007-10,0.2337,0.2337,0.2573,0.2337
2007-11-01,2007,11,2007-11,0.3924,0.3924,0.3924,0.41295000000000004
2007-11-17,2007,11,2007-11,0.4335,0.4335,0.4335,0.41295000000000004
2007-12-03,2007,12,2007-12,0.7661,0.7661,0.7661,0.8022
2007-12-19,2007,12,2007-12,0.8383,0.8383,0.8383,0.8022
2008-01-01,2008,1,2008-01,0.8383,0.8383,0.8383,0.5669
2008-01-17,2008,1,2008-01,0.2955,0.8121,0.8121,0.5669
2008-02-02,2008,2,2008-02,0.3811,0.7859,0.7859,0.29355
2008-02-18,2008,2,2008-02,0.206,0.7598,0.7598,0.29355
2008-03-05,2008,3,2008-03,0.5032,0.7336,0.7336,0.42574999999999996
2008-03-21,2008,3,2008-03,0.3483,0.7074,0.7074,0.42574999999999996
2008-04-06,2008,4,2008-04,0.6812,0.6812,0.6812,0.69815
2008-04-22,2008,4,2008-04,0.7151,0.7151,0.7151,0.69815
2008-05-08,2008,5,2008-05,0.628,0.628,0.628,0.52855
2008-05-24,2008,5,2008-05,0.4291,0.4291,0.4291,0.52855
2008-06-09,2008,6,2008-06,0.3335,0.3335,0.3335,0.3291
2008-06-25,2008,6,2008-06,0.3247,0.3247,0.3247,0.3291
2008-07-11,2008,7,2008-07,0.3177,0.3177,0.3177,0.2871
2008-07-27,2008,7,2008-07,0.2565,0.2565,0.2565,0.2871
2008-08-12,2008,8,2008-08,0.2357,0.2357,0.2357,0.2357
2008-08-28,2008,8,2008-08,0.2357,0.2357,0.2357,0.2357
2008-09-13,2008,9,2008-09,0.247,0.247,0.247,0.2398
2008-09-29,2008,9,2008-09,0.2326,0.2326,0.247,0.2398
2008-10-15,2008,10,2008-10,0.3292,0.3292,0.3292,0.3792
2008-10-31,2008,10,2008-10,0.4292,0.4292,0.4292,0.3792
2008-11-16,2008,11,2008-11,0.6691,0.5902,0.5902,0.6691
2008-12-02,2008,12,2008-12,0.7513,0.7513,0.7513,0.7095
2008-12-18,2008,12,2008-12,0.6677,0.6677,0.6677,0.7095
2009-01-01,2009,1,2009-01,0.6677,0.6677,0.6677,0.59685
2009-01-17,2009,1,2009-01,0.526,0.6377,0.6377,0.59685
2009-02-02,2009,2,2009-02,0.4033,0.6077,0.6077,0.4905
2009-02-18,2009,2,2009-02,0.5777,0.5777,0.6077,0.4905
2009-03-06,2009,3,2009-03,0.6666,0.6678,0.6678,0.7121999999999999
2009-03-22,2009,3,2009-03,0.7578,0.7578,0.7578,0.7121999999999999
2009-04-07,2009,4,2009-04,0.6963,0.6963,0.6963,0.5962000000000001
2009-04-23,2009,4,2009-04,0.4961,0.4961,0.6158,0.5962000000000001
2009-05-09,2009,5,2009-05,0.6158,0.6158,0.6158,0.50525
2009-05-25,2009,5,2009-05,0.3947,0.3947,0.3947,0.50525
2009-06-10,2009,6,2009-06,0.3547,0.3547,0.3547,0.32215000000000005
2009-06-26,2009,6,2009-06,0.2896,0.2896,0.2896,0.32215000000000005
2009-07-12,2009,7,2009-07,0.2724,0.2724,0.2724,0.2739
2009-07-28,2009,7,2009-07,0.2754,0.2754,0.2754,0.2739
2009-08-13,2009,8,2009-08,0.2558,0.2558,0.2558,0.266
2009-08-29,2009,8,2009-08,0.2762,0.2762,0.2762,0.266
2009-09-14,2009,9,2009-09,0.3568,0.3568,0.3568,0.3529
2009-09-30,2009,9,2009-09,0.349,0.349,0.349,0.3529
2009-10-16,2009,10,2009-10,0.2678,0.3567,0.3567,0.2678
2009-11-01,2009,11,2009-11,0.1412,0.3643,0.3643,0.2566
2009-11-17,2009,11,2009-11,0.372,0.372,0.372,0.2566
2009-12-03,2009,12,2009-12,0.8201,0.8201,0.8201,0.7749
2009-12-19,2009,12,2009-12,0.7297,0.7297,0.7297,0.7749
2010-01-01,2010,1,2010-01,0.5911,0.5911,0.6903,0.6407
2010-01-17,2010,1,2010-01,0.6903,0.6903,0.6903,0.6407
2010-02-02,2010,2,2010-02,0.6396,0.6396,0.6396,0.4856
2010-02-18,2010,2,2010-02,0.3316,0.3316,0.6097,0.4856
2010-03-06,2010,3,2010-03,0.6097,0.6097,0.6097,0.54455
2010-03-22,2010,3,2010-03,0.4794,0.6188,0.6188,0.54455
2010-04-07,2010,4,2010-04,0.6279,0.6279,0.6279,0.6004
2010-04-23,2010,4,2010-04,0.5729,0.5729,0.5729,0.6004
2010-05-09,2010,5,2010-05,0.4858,0.4858,0.4858,0.42945
2010-05-25,2010,5,2010-05,0.3731,0.3731,0.3731,0.42945
2010-06-10,2010,6,2010-06,0.3432,0.3432,0.3432,0.3186
2010-06-26,2010,6,2010-06,0.294,0.294,0.3083,0.3186
2010-07-12,2010,7,2010-07,0.3083,0.3083,0.3083,0.28215
2010-07-28,2010,7,2010-07,0.256,0.256,0.3053,0.28215
2010-08-13,2010,8,2010-08,0.3053,0.3053,0.3053,0.2921
2010-08-29,2010,8,2010-08,0.2789,0.2789,0.2789,0.2921
2010-09-14,2010,9,2010-09,0.2901,0.2901,0.2901,0.2532
2010-09-30,2010,9,2010-09,0.2163,0.2163,0.2723,0.2532
2010-10-16,2010,10,2010-10,0.2723,0.2723,0.2723,0.2723
2010-11-01,2010,11,2010-11,0.3717,0.3347,0.3347,0.38434999999999997
2010-11-17,2010,11,2010-11,0.397,0.397,0.397,0.38434999999999997
2010-12-03,2010,12,2010-12,0.7702,0.7702,0.7702,0.78365
2010-12-19,2010,12,2010-12,0.7971,0.7971,0.7971,0.78365
2011-01-01,2011,1,2011-01,0.5575,0.7979,0.7979,0.6780999999999999
2011-01-17,2011,1,2011-01,0.7987,0.7987,0.7987,0.6780999999999999
2011-02-02,2011,2,2011-02,0.5683,0.7712,0.7712,0.43215000000000003
2011-02-18,2011,2,2011-02,0.296,0.7437,0.7437,0.43215000000000003
2011-03-06,2011,3,2011-03,0.217,0.7163,0.7163,0.37805
2011-03-22,2011,3,2011-03,0.5391,0.6888,0.6888,0.37805
2011-04-07,2011,4,2011-04,0.6613,0.6613,0.6613,0.62985
2011-04-23,2011,4,2011-04,0.5984,0.5984,0.5984,0.62985
2011-05-09,2011,5,2011-05,0.6275,0.6275,0.6275,0.5661
2011-05-25,2011,5,2011-05,0.5047,0.5047,0.5047,0.5661
2011-06-10,2011,6,2011-06,0.4151,0.4151,0.4151,0.3389
2011-06-26,2011,6,2011-06,0.2627,0.2627,0.2627,0.3389
2011-07-12,2011,7,2011-07,0.2426,0.2426,0.2426,0.2304
2011-07-28,2011,7,2011-07,0.2182,0.2182,0.2426,0.2304
2011-08-13,2011,8,2011-08,0.2442,0.2442,0.2442,0.23220000000000002
2011-08-29,2011,8,2011-08,0.2202,0.2202,0.2202,0.23220000000000002
2011-09-14,2011,9,2011-09,0.2211,0.2211,0.2211,0.25529999999999997
2011-09-30,2011,9,2011-09,0.2895,0.2895,0.2895,0.25529999999999997
2011-10-16,2011,10,2011-10,0.3204,0.3204,0.3204,0.3204
2011-11-01,2011,11,2011-11,0.1284,0.3808,0.3808,0.2804
2011-11-17,2011,11,2011-11,0.4324,0.4412,0.4412,0.2804
2011-12-03,2011,12,2011-12,0.4465,0.5016,0.5016,0.45385
2011-12-19,2011,12,2011-12,0.4612,0.562,0.562,0.45385
2012-01-01,2012,1,2012-01,0.5227,0.6224,0.6224,0.60275
2012-01-17,2012,1,2012-01,0.6828,0.6828,0.6828,0.60275
2012-02-02,2012,2,2012-02,0.6322,0.6322,0.6322,0.46265
2012-02-18,2012,2,2012-02,0.2931,0.5272,0.5272,0.46265
2012-03-05,2012,3,2012-03,0.3079,0.4221,0.4221,0.3125
2012-03-21,2012,3,2012-03,0.3171,0.3171,0.4221,0.3125
2012-04-06,2012,4,2012-04,0.6365,0.6365,0.6365,0.5915999999999999
2012-04-22,2012,4,2012-04,0.5467,0.5467,0.6365,0.5915999999999999
2012-05-08,2012,5,2012-05,0.6762,0.6762,0.6762,0.5952500000000001
2012-05-24,2012,5,2012-05,0.5143,0.5143,0.5143,0.5952500000000001
2012-06-09,2012,6,2012-06,0.4575,0.4575,0.4722,0.46485
2012-06-25,2012,6,2012-06,0.4722,0.4722,0.4722,0.46485
2012-07-11,2012,7,2012-07,0.3387,0.3387,0.3387,0.31135
2012-07-27,2012,7,2012-07,0.284,0.284,0.284,0.31135
2012-08-12,2012,8,2012-08,0.2695,0.2695,0.2695,0.28235
2012-08-28,2012,8,2012-08,0.2952,0.2952,0.2952,0.28235
2012-09-13,2012,9,2012-09,0.2905,0.2905,0.2952,0.3231
2012-09-29,2012,9,2012-09,0.3557,0.3557,0.3557,0.3231
2012-10-15,2012,10,2012-10,0.2766,0.2766,0.3454,0.2368
2012-10-31,2012,10,2012-10,0.197,0.3454,0.3454,0.2368
2012-11-16,2012,11,2012-11,0.2997,0.4143,0.4143,0.2997
2012-12-02,2012,12,2012-12,0.4831,0.4831,0.4831,0.51495
2012-12-18,2012,12,2012-12,0.5468,0.5468,0.5468,0.51495
2013-01-01,2013,1,2013-01,0.6825,0.6825,0.6825,0.7153499999999999
2013-01-17,2013,1,2013-01,0.7482,0.7482,0.7482,0.7153499999999999
2013-02-02,2013,2,2013-02,0.3002,0.6301,0.6301,0.40615
2013-02-18,2013,2,2013-02,0.5121,0.5121,0.5121,0.40615
2013-03-06,2013,3,2013-03,0.4258,0.4909,0.4909,0.3846
2013-03-22,2013,3,2013-03,0.3434,0.4698,0.4698,0.3846
2013-04-07,2013,4,2013-04,0.4486,0.4486,0.4486,0.46565
2013-04-23,2013,4,2013-04,0.4827,0.4827,0.4827,0.46565
2013-05-09,2013,5,2013-05,0.5526,0.5526,0.5526,0.51735
2013-05-25,2013,5,2013-05,0.4821,0.4821,0.4821,0.51735
2013-06-10,2013,6,2013-06,0.338,0.338,0.338,0.26985000000000003
2013-06-26,2013,6,2013-06,0.2017,0.2017,0.268,0.26985000000000003
2013-07-12,2013,7,2013-07,0.268,0.268,0.268,0.2212
2013-07-28,2013,7,2013-07,0.1744,0.1744,0.1873,0.2212
2013-08-13,2013,8,2013-08,0.1873,0.1873,0.1873,0.17275000000000001
2013-08-29,2013,8,2013-08,0.1582,0.1582,0.1873,0.17275000000000001
2013-09-14,2013,9,2013-09,0.2185,0.2185,0.2185,0.2122
2013-09-30,2013,9,2013-09,0.2059,0.2059,0.2185,0.2122
2013-10-16,2013,10,2013-10,0.3432,0.3432,0.3432,0.3432
2013-11-01,2013,11,2013-11,0.6738,0.6738,0.6738,0.5740999999999999
2013-11-17,2013,11,2013-11,0.4744,0.4744,0.6442,0.5740999999999999
2013-12-03,2013,12,2013-12,0.572,0.6442,0.6442,0.69295
2013-12-19,2013,12,2013-12,0.8139,0.8139,0.8139,0.69295
2014-01-01,2014,1,2014-01,0.7744,0.7744,0.7744,0.5318499999999999
2014-01-17,2014,1,2014-01,0.2893,0.7798,0.7798,0.5318499999999999
2014-02-02,2014,2,2014-02,0.2528,0.7851,0.7851,0.16040000000000001
2014-02-18,2014,2,2014-02,0.068,0.7905,0.7905,0.16040000000000001
2014-03-06,2014,3,2014-03,0.4521,0.7958,0.7958,0.62665
2014-03-22,2014,3,2014-03,0.8012,0.8012,0.8012,0.62665
2014-04-07,2014,4,2014-04,0.4421,0.4421,0.5907,0.5164
2014-04-23,2014,4,2014-04,0.5907,0.5907,0.5907,0.5164
2014-05-09,2014,5,2014-05,0.5361,0.5361,0.5361,0.4346
2014-05-25,2014,5,2014-05,0.3331,0.3331,0.3331,0.4346
2014-06-10,2014,6,2014-06,0.2448,0.2448,0.2448,0.2135
2014-06-26,2014,6,2014-06,0.1822,0.1822,0.2448,0.2135
2014-07-12,2014,7,2014-07,0.275,0.275,0.275,0.26005
2014-07-28,2014,7,2014-07,0.2451,0.2451,0.2451,0.26005
2014-08-13,2014,8,2014-08,0.2039,0.2039,0.2451,0.22710000000000002
2014-08-29,2014,8,2014-08,0.2503,0.2503,0.2503,0.22710000000000002
2014-09-14,2014,9,2014-09,0.2606,0.2606,0.2606,0.2272
2014-09-30,2014,9,2014-09,0.1938,0.1938,0.2103,0.2272
2014-10-16,2014,10,2014-10,0.2103,0.2103,0.2103,0.2103
2014-11-01,2014,11,2014-11,0.2171,0.2171,0.2171,0.39985
2014-11-17,2014,11,2014-11,0.5826,0.4572,0.4572,0.39985
2014-12-03,2014,12,2014-12,0.6973,0.6973,0.6973,0.74725
2014-12-19,2014,12,2014-12,0.7972,0.7972,0.7972,0.74725
2015-01-01,2015,1,2015-01,0.4045,0.4045,0.4045,0.33875
2015-01-17,2015,1,2015-01,0.273,0.273,0.4045,0.33875
2015-02-02,2015,2,2015-02,0.3799,0.4178,0.4178,0.4712
2015-02-18,2015,2,2015-02,0.5625,0.5625,0.5625,0.4712
2015-03-06,2015,3,2015-03,0.3449,0.3449,0.5625,0.5255
2015-03-22,2015,3,2015-03,0.7061,0.7061,0.7061,0.5255
2015-04-07,2015,4,2015-04,0.4604,0.4604,0.5244,0.49239999999999995
2015-04-23,2015,4,2015-04,0.5244,0.5244,0.5244,0.49239999999999995
2015-05-09,2015,5,2015-05,0.3729,0.3729,0.4068,0.38985000000000003
2015-05-25,2015,5,2015-05,0.4068,0.4068,0.4068,0.38985000000000003
2015-06-10,2015,6,2015-06,0.3067,0.3067,0.3067,0.2743
2015-06-26,2015,6,2015-06,0.2419,0.2419,0.2419,0.2743
2015-07-12,2015,7,2015-07,0.2061,0.2061,0.2419,0.23085
2015-07-28,2015,7,2015-07,0.2556,0.2556,0.2556,0.23085
2015-08-13,2015,8,2015-08,0.2315,0.2315,0.2556,0.2541
2015-08-29,2015,8,2015-08,0.2767,0.2767,0.2767,0.2541
2015-09-14,2015,9,2015-09,0.2593,0.2593,0.2593,0.2244
2015-09-30,2015,9,2015-09,0.1895,0.1895,0.2593,0.2244
2015-10-16,2015,10,2015-10,0.2896,0.2896,0.2896,0.2896
2015-11-01,2015,11,2015-11,0.3234,0.3234,0.3234,0.56035
2015-11-17,2015,11,2015-11,0.7973,0.7973,0.7973,0.56035
2015-12-03,2015,12,2015-12,0.6255,0.6255,0.6255,0.5873999999999999
2015-12-19,2015,12,2015-12,0.5493,0.5493,0.6232,0.5873999999999999
2016-01-01,2016,1,2016-01,0.6232,0.6232,0.6232,0.484
2016-01-17,2016,1,2016-01,0.3448,0.3448,0.3448,0.484
2016-02-02,2016,2,2016-02,0.3143,0.3143,0.3448,0.3711
2016-02-18,2016,2,2016-02,0.4279,0.4279,0.4279,0.3711
2016-03-05,2016,3,2016-03,0.5988,0.5988,0.5988,0.55585
2016-03-21,2016,3,2016-03,0.5129,0.5129,0.5988,0.55585
2016-04-06,2016,4,2016-04,0.6197,0.6197,0.6197,0.6373500000000001
2016-04-22,2016,4,2016-04,0.655,0.655,0.655,0.6373500000000001
2016-05-08,2016,5,2016-05,0.4715,0.4715,0.4715,0.44865
2016-05-24,2016,5,2016-05,0.4258,0.4258,0.4258,0.44865
2016-06-09,2016,6,2016-06,0.3219,0.3219,0.3236,0.32275
2016-06-25,2016,6,2016-06,0.3236,0.3236,0.3236,0.32275
2016-07-11,2016,7,2016-07,0.2623,0.2623,0.2717,0.267
2016-07-27,2016,7,2016-07,0.2717,0.2717,0.2717,0.267
2016-08-12,2016,8,2016-08,0.2962,0.2962,0.2962,0.29235
2016-08-28,2016,8,2016-08,0.2885,0.2885,0.2885,0.29235
2016-09-13,2016,9,2016-09,0.2862,0.2862,0.2885,0.3055
2016-09-29,2016,9,2016-09,0.3248,0.3248,0.3248,0.3055
2016-10-15,2016,10,2016-10,0.3142,0.3142,0.3248,0.44020000000000004
2016-10-31,2016,10,2016-10,0.5662,0.5662,0.5662,0.44020000000000004
2016-11-16,2016,11,2016-11,0.6253,0.6253,0.6253,0.6253
2016-12-02,2016,12,2016-12,0.8715,0.8715,0.8715,0.8525
2016-12-18,2016,12,2016-12,0.8335,0.8335,0.8335,0.8525
2017-01-01,2017,1,2017-01,0.8016,0.8016,0.8016,0.6305
2017-01-17,2017,1,2017-01,0.4594,0.4594,0.4838,0.6305
2017-02-02,2017,2,2017-02,0.3318,0.4838,0.4838,0.30784999999999996
2017-02-18,2017,2,2017-02,0.2839,0.5082,0.5082,0.30784999999999996
2017-03-06,2017,3,2017-03,0.2906,0.5327,0.5327,0.42385000000000006
2017-03-22,2017,3,2017-03,0.5571,0.5571,0.5571,0.42385000000000006
2017-04-07,2017,4,2017-04,0.6672,0.6672,0.6672,0.6043000000000001
2017-04-23,2017,4,2017-04,0.5414,0.5414,0.5414,0.6043000000000001
2017-05-09,2017,5,2017-05,0.5012,0.5012,0.5012,0.5205
2017-05-25,2017,5,2017-05,0.5398,0.5398,0.5398,0.5205
2017-06-10,2017,6,2017-06,0.3061,0.3061,0.3101,0.3081
2017-06-26,2017,6,2017-06,0.3101,0.3101,0.3101,0.3081
2017-07-12,2017,7,2017-07,0.251,0.251,0.2819,0.26644999999999996
2017-07-28,2017,7,2017-07,0.2819,0.2819,0.2819,0.26644999999999996
2017-08-13,2017,8,2017-08,0.2797,0.2797,0.2797,0.27335
2017-08-29,2017,8,2017-08,0.267,0.267,0.267,0.27335
2017-09-14,2017,9,2017-09,0.2539,0.2539,0.2539,0.25825
2017-09-30,2017,9,2017-09,0.2626,0.2626,0.2626,0.25825
2017-10-16,2017,10,2017-10,0.2501,0.2501,0.2501,0.2501
2017-11-01,2017,11,2017-11,0.2665,0.2665,0.2665,0.31679999999999997
2017-11-17,2017,11,2017-11,0.3671,0.394,0.394,0.31679999999999997
2017-12-03,2017,12,2017-12,0.4262,0.5216,0.5216,0.53765
2017-12-19,2017,12,2017-12,0.6491,0.6491,0.6491,0.53765
2018-01-01,2018,1,2018-01,0.7503,0.7503,0.7503,0.7382
2018-01-17,2018,1,2018-01,0.7261,0.7261,0.7261,0.7382
2018-02-02,2018,2,2018-02,0.4243,0.5168,0.5168,0.3659
2018-02-18,2018,2,2018-02,0.3075,0.3075,0.5168,0.3659
2018-03-06,2018,3,2018-03,0.5839,0.5839,0.5839,0.6265499999999999
2018-03-22,2018,3,2018-03,0.6692,0.6692,0.6692,0.6265499999999999
2018-04-07,2018,4,2018-04,0.7477,0.7477,0.7477,0.73045
2018-04-23,2018,4,2018-04,0.7132,0.7132,0.7132,0.73045
2018-05-09,2018,5,2018-05,0.6826,0.6826,0.6826,0.6112
2018-05-25,2018,5,2018-05,0.5398,0.5398,0.5398,0.6112
2018-06-10,2018,6,2018-06,0.3559,0.3559,0.3559,0.35365
2018-06-26,2018,6,2018-06,0.3514,0.3514,0.3514,0.35365
2018-07-12,2018,7,2018-07,0.3192,0.3192,0.3192,0.29610000000000003
2018-07-28,2018,7,2018-07,0.273,0.273,0.2967,0.29610000000000003
2018-08-13,2018,8,2018-08,0.2967,0.2967,0.2967,0.27080000000000004
2018-08-29,2018,8,2018-08,0.2449,0.2449,0.2828,0.27080000000000004
2018-09-14,2018,9,2018-09,0.2828,0.2828,0.2828,0.27865
2018-09-30,2018,9,2018-09,0.2745,0.2745,0.2828,0.27865
2018-10-16,2018,10,2018-10,0.4723,0.4061,0.4061,0.4723
2018-11-01,2018,11,2018-11,0.5376,0.5376,0.5376,0.53305
2018-11-17,2018,11,2018-11,0.5285,0.5285,0.5376,0.53305
2018-12-03,2018,12,2018-12,0.6213,0.6213,0.6213,0.6432
2018-12-19,2018,12,2018-12,0.6651,0.6651,0.6651,0.6432
2019-01-01,2019,1,2019-01,0.5396,0.5396,0.5396,0.4125
2019-01-17,2019,1,2019-01,0.2854,0.4552,0.4552,0.4125
2019-02-02,2019,2,2019-02,0.3708,0.3708,0.4552,0.2321
2019-02-18,2019,2,2019-02,0.0934,0.5208,0.5208,0.2321
2019-03-06,2019,3,2019-03,0.6708,0.6708,0.6708,0.6943999999999999
2019-03-22,2019,3,2019-03,0.718,0.718,0.718,0.6943999999999999
2019-04-07,2019,4,2019-04,0.6236,0.6236,0.6276,0.6256
2019-04-23,2019,4,2019-04,0.6276,0.6276,0.6276,0.6256
2019-05-09,2019,5,2019-05,0.5256,0.5256,0.5256,0.45365
2019-05-25,2019,5,2019-05,0.3817,0.3817,0.3817,0.45365
2019-06-10,2019,6,2019-06,0.3503,0.3503,0.3503,0.33305
2019-06-26,2019,6,2019-06,0.3158,0.3158,0.3158,0.33305
2019-07-12,2019,7,2019-07,0.2862,0.2862,0.2862,0.29755
2019-07-28,2019,7,2019-07,0.3089,0.3089,0.3089,0.29755
2019-08-13,2019,8,2019-08,0.2617,0.2617,0.2821,0.27190000000000003
2019-08-29,2019,8,2019-08,0.2821,0.2821,0.2821,0.27190000000000003
2019-09-14,2019,9,2019-09,0.2444,0.2444,0.2821,0.28385
2019-09-30,2019,9,2019-09,0.3233,0.3233,0.3233,0.28385
2019-10-16,2019,10,2019-10,0.3185,0.3185,0.3233,0.3185
2019-11-01,2019,11,2019-11,0.5727,0.5727,0.5727,0.57255
2019-11-17,2019,11,2019-11,0.5724,0.5724,0.5727,0.57255
2019-12-03,2019,12,2019-12,0.6527,0.6527,0.6527,0.68085
2019-12-19,2019,12,2019-12,0.709,0.709,0.709,0.68085
2020-01-01,2020,1,2020-01,0.4021,0.4021,0.4656,0.30685
2020-01-17,2020,1,2020-01,0.2116,0.4656,0.4656,0.30685
2020-02-02,2020,2,2020-02,0.2392,0.5291,0.5291,0.34
2020-02-18,2020,2,2020-02,0.4408,0.5925,0.5925,0.34
2020-03-05,2020,3,2020-03,0.5764,0.656,0.656,0.64795
2020-03-21,2020,3,2020-03,0.7195,0.7195,0.7195,0.64795
2020-04-06,2020,4,2020-04,0.608,0.608,0.6527,0.63035
2020-04-22,2020,4,2020-04,0.6527,0.6527,0.6527,0.63035
2020-05-08,2020,5,2020-05,0.6283,0.6283,0.6283,0.55675
2020-05-24,2020,5,2020-05,0.4852,0.4852,0.4852,0.55675
2020-06-09,2020,6,2020-06,0.3503,0.3503,0.3577,0.354
2020-06-25,2020,6,2020-06,0.3577,0.3577,0.3577,0.354
2020-07-11,2020,7,2020-07,0.322,0.322,0.322,0.32705
2020-07-27,2020,7,2020-07,0.3321,0.3321,0.3321,0.32705
2020-08-12,2020,8,2020-08,0.2869,0.2869,0.291,0.28895
2020-08-28,2020,8,2020-08,0.291,0.291,0.291,0.28895
2020-09-13,2020,9,2020-09,0.2797,0.2797,0.2797,0.28700000000000003
2020-09-29,2020,9,2020-09,0.2943,0.2943,0.2943,0.28700000000000003
2020-10-15,2020,10,2020-10,0.3053,0.3053,0.3053,0.3512
2020-10-31,2020,10,2020-10,0.3971,0.3971,0.3971,0.3512
2020-11-16,2020,11,2020-11,0.5396,0.5396,0.5396,0.5396
2020-12-02,2020,12,2020-12,0.5931,0.5931,0.5931,0.5521
2020-12-18,2020,12,2020-12,0.5111,0.6453,0.6453,0.5521
2021-01-01,2021,1,2021-01,0.7583,0.6975,0.6975,0.754
2021-01-17,2021,1,2021-01,0.7497,0.7497,0.7497,0.754
2021-02-02,2021,2,2021-02,0.4462,0.4462,0.4969,0.3024
2021-02-18,2021,2,2021-02,0.1586,0.4969,0.4969,0.3024
2021-03-06,2021,3,2021-03,0.3712,0.5477,0.5477,0.4848
2021-03-22,2021,3,2021-03,0.5984,0.5984,0.5984,0.4848
2021-04-07,2021,4,2021-04,0.6157,0.6157,0.6157,0.6405000000000001
2021-04-23,2021,4,2021-04,0.6653,0.6653,0.6653,0.6405000000000001
2021-05-09,2021,5,2021-05,0.5675,0.5675,0.6302,0.59885
2021-05-25,2021,5,2021-05,0.6302,0.6302,0.6302,0.59885
2021-06-10,2021,6,2021-06,0.4792,0.4792,0.4792,0.40480000000000005
2021-06-26,2021,6,2021-06,0.3304,0.3304,0.3342,0.40480000000000005
2021-07-12,2021,7,2021-07,0.3342,0.3342,0.3342,0.31689999999999996
2021-07-28,2021,7,2021-07,0.2996,0.2996,0.2996,0.31689999999999996
2021-08-13,2021,8,2021-08,0.2931,0.2931,0.2931,0.2862
2021-08-29,2021,8,2021-08,0.2793,0.2793,0.2793,0.2862
2021-09-14,2021,9,2021-09,0.2936,0.2936,0.2936,0.29645
2021-09-30,2021,9,2021-09,0.2993,0.2993,0.2993,0.29645
2021-10-16,2021,10,2021-10,0.3138,0.3138,0.3138,0.3138
2021-11-01,2021,11,2021-11,0.2718,0.5091,0.5091,0.48805
2021-11-17,2021,11,2021-11,0.7043,0.7043,0.7043,0.48805
2021-12-03,2021,12,2021-12,0.81,0.81,0.81,0.7261
2021-12-19,2021,12,2021-12,0.6422,0.5845,0.5845,0.7261
2022-01-01,2022,1,2022-01,0.359,0.359,0.4162,0.36529999999999996
2022-01-17,2022,1,2022-01,0.3716,0.4162,0.4162,0.36529999999999996
2022-02-02,2022,2,2022-02,0.2983,0.4734,0.4734,0.41445
2022-02-18,2022,2,2022-02,0.5306,0.5306,0.5306,0.41445
2022-03-06,2022,3,2022-03,0.6523,0.6523,0.6523,0.6836
2022-03-22,2022,3,2022-03,0.7149,0.6818,0.6818,0.6836
2022-04-07,2022,4,2022-04,0.7113,0.7113,0.7113,0.6494500000000001
2022-04-23,2022,4,2022-04,0.5876,0.5876,0.5899,0.6494500000000001
2022-05-09,2022,5,2022-05,0.5899,0.5899,0.5899,0.5483
2022-05-25,2022,5,2022-05,0.5067,0.5067,0.5067,0.5483
2022-06-10,2022,6,2022-06,0.3276,0.3276,0.39,0.3588
2022-06-26,2022,6,2022-06,0.39,0.39,0.39,0.3588
2022-07-12,2022,7,2022-07,0.3249,0.3249,0.3249,0.32075
2022-07-28,2022,7,2022-07,0.3166,0.3166,0.3166,0.32075
2022-08-13,2022,8,2022-08,0.3275,0.3275,0.3275,0.29635
2022-08-29,2022,8,2022-08,0.2652,0.2652,0.3275,0.29635
2022-09-14,2022,9,2022-09,0.3445,0.3445,0.3445,0.3272
2022-09-30,2022,9,2022-09,0.3099,0.3099,0.3445,0.3272
2022-10-16,2022,10,2022-10,0.5726,0.3956,0.3956,0.5726
2022-11-01,2022,11,2022-11,0.4812,0.4812,0.4812,0.57425
2022-11-17,2022,11,2022-11,0.6673,0.6673,0.6673,0.57425
2022-12-03,2022,12,2022-12,0.7536,0.6562,0.6562,0.69935
2022-12-19,2022,12,2022-12,0.6451,0.6451,0.6451,0.69935
2023-01-01,2023,1,2023-01,0.6451,0.6451,0.6451,0.52395
2023-01-17,2023,1,2023-01,0.4028,0.5622,0.5622,0.52395
2023-02-02,2023,2,2023-02,0.2925,0.4794,0.4794,0.34450000000000003
2023-02-18,2023,2,2023-02,0.3965,0.3965,0.4794,0.34450000000000003
2023-03-06,2023,3,2023-03,0.615,0.5029,0.5029,0.61215
2023-03-22,2023,3,2023-03,0.6093,0.6093,0.6093,0.61215
2023-04-07,2023,4,2023-04,0.7707,0.7707,0.7707,0.7376
2023-04-23,2023,4,2023-04,0.7045,0.7045,0.7045,0.7376
2023-05-09,2023,5,2023-05,0.5867,0.5867,0.5867,0.5474
2023-05-25,2023,5,2023-05,0.5081,0.5081,0.5081,0.5474
2023-06-10,2023,6,2023-06,0.4227,0.4227,0.4227,0.36505
2023-06-26,2023,6,2023-06,0.3074,0.3074,0.3074,0.36505
2023-07-12,2023,7,2023-07,0.2906,0.2906,0.2906,0.29705000000000004
2023-07-28,2023,7,2023-07,0.3035,0.3035,0.3035,0.29705000000000004
2023-08-13,2023,8,2023-08,0.2804,0.2804,0.3035,0.30365
2023-08-29,2023,8,2023-08,0.3269,0.3269,0.3269,0.30365
2023-09-14,2023,9,2023-09,0.2707,0.2707,0.2951,0.2829
2023-09-30,2023,9,2023-09,0.2951,0.2951,0.2951,0.2829
2023-10-16,2023,10,2023-10,0.3526,0.3526,0.3526,0.3526
2023-11-01,2023,11,2023-11,0.451,0.451,0.451,0.48424999999999996
2023-11-17,2023,11,2023-11,0.5175,0.5175,0.5175,0.48424999999999996
2023-12-03,2023,12,2023-12,0.4564,0.4564,0.5175,0.5176
2023-12-19,2023,12,2023-12,0.5788,0.5788,0.5788,0.5176
2024-01-01,2024,1,2024-01,0.3172,0.3172,0.3172,0.3172
2024-01-17,2024,1,2024-01,0.3172,0.3172,0.3172,0.3172
2024-02-02,2024,2,2024-02,0.3155,0.3656,0.3656,0.36475
2024-02-18,2024,2,2024-02,0.414,0.414,0.414,0.36475
2024-03-05,2024,3,2024-03,0.4641,0.4641,0.4641,0.5338
2024-03-21,2024,3,2024-03,0.6035,0.6035,0.6035,0.5338
2024-04-06,2024,4,2024-04,0.5638,0.5638,0.6035,0.6329499999999999
2024-04-22,2024,4,2024-04,0.7021,0.7021,0.7021,0.6329499999999999
2024-05-08,2024,5,2024-05,0.5612,0.5612,0.5634,0.5623
2024-05-24,2024,5,2024-05,0.5634,0.5634,0.5634,0.5623
2024-06-09,2024,6,2024-06,0.5746,0.5746,0.5746,0.48915
2024-06-25,2024,6,2024-06,0.4037,0.4037,0.4037,0.48915
2024-07-11,2024,7,2024-07,0.3793,0.3793,0.3793,0.34695
2024-07-27,2024,7,2024-07,0.3146,0.3146,0.3146,0.34695
2024-08-12,2024,8,2024-08,0.2612,0.2612,0.2983,0.27975
2024-08-28,2024,8,2024-08,0.2983,0.2983,0.2983,0.27975
2024-09-13,2024,9,2024-09,0.2868,0.2868,0.2868,0.30035
2024-09-29,2024,9,2024-09,0.3139,0.3139,0.3139,0.30035
2024-10-15,2024,10,2024-10,0.3193,0.3193,0.3193,0.37239999999999995
2024-10-31,2024,10,2024-10,0.4255,0.3876,0.3876,0.37239999999999995
2024-11-16,2024,11,2024-11,0.6875,0.4558,0.4558,0.6875
2024-12-02,2024,12,2024-12,0.5241,0.5241,0.5241,0.5847
2024-12-18,2024,12,2024-12,0.6453,0.6453,0.6453,0.5847
2025-01-01,2025,1,2025-01,0.6951,0.5696,0.5696,0.5945
2025-01-17,2025,1,2025-01,0.4939,0.4939,0.4939,0.5945
2025-02-02,2025,2,2025-02,0.3114,0.3114,0.4731,0.39225
2025-02-18,2025,2,2025-02,0.4731,0.4731,0.4731,0.39225
