DATA;HORA;PRECIPITAÇÃO TOTAL, HORÁRIO (mm);PRESSAO ATMOSFERICA AO NIVEL DA ESTACAO, HORARIA (mB);PRESSÃO ATMOSFERICA MAX.NA HORA ANT. (AUT) (mB);PRESSÃO ATMOSFERICA MIN. NA HORA ANT. (AUT) (mB);RADIACAO GLOBAL (KJ/m²);TEMPERATURA DO AR - BULBO SECO, HORARIA (°C);TEMPERATURA DO PONTO DE ORVALHO (°C);TEMPERATURA MÁXIMA NA HORA ANT. (AUT) (°C);TEMPERATURA MÍNIMA NA HORA ANT. (AUT) (°C);TEMPERATURA ORVALHO MAX. NA HORA ANT. (AUT) (°C);TEMPERATURA ORVALHO MIN. NA HORA ANT. (AUT) (°C);UMIDADE REL. MAX. NA HORA ANT. (AUT) (%);UMIDADE REL. MIN. NA HORA ANT. (AUT) (%);UMIDADE RELATIVA DO AR, HORARIA (%);VENTO, DIREÇÃO HORARIA (gr) (° (gr));VENTO, RAJADA MAXIMA (m/s);VENTO, VELOCIDADE HORARIA (m/s)
16/12/2002;00:00;-9999;-9999;-9999;-9999;-9999;-9999;-9999;-9999;-9999;-9999;-9999;-9999;-9999;-9999;-9999;-9999;-9999
16/12/2002;01:00;-9999;-9999;-9999;-9999;-9999;-9999;-9999;-9999;-9999;-9999;-9999;-9999;-9999;-9999;-9999;-9999;-9999
16/12/2002;02:00;-9999;-9999;-9999;-9999;-9999;-9999;-9999;-9999;-9999;-9999;-9999;-9999;-9999;-9999;-9999;-9999;-9999
16/12/2002;03:00;-9999;-9999;-9999;-9999;-9999;-9999;-9999;-9999;-9999;-9999;-9999;-9999;-9999;-9999;-9999;-9999;-9999
16/12/2002;04:00;-9999;-9999;-9999;-9999;-9999;-9999;-9999;-9999;-9999;-9999;-9999;-9999;-9999;-9999;-9999;-9999;-9999
16/12/2002;05:00;-9999;-9999;-9999;-9999;-9999;-9999;-9999;-9999;-9999;-9999;-9999;-9999;-9999;-9999;-9999;-9999;-9999
16/12/2002;06:00;-9999;-9999;-9999;-9999;-9999;-9999;-9999;-9999;-9999;-9999;-9999;-9999;-9999;-9999;-9999;-9999;-9999
16/12/2002;07:00;-9999;-9999;-9999;-9999;-9999;-9999;-9999;-9999;-9999;-9999;-9999;-9999;-9999;-9999;-9999;-9999;-9999
16/12/2002;08:00;-9999;-9999;-9999;-9999;-9999;-9999;-9999;-9999;-9999;-9999;-9999;-9999;-9999;-9999;-9999;-9999;-9999
16/12/2002;09:00;-9999;-9999;-9999;-9999;-9999;-9999;-9999;-9999;-9999;-9999;-9999;-9999;-9999;-9999;-9999;-9999;-9999
16/12/2002;10:00;-9999;-9999;-9999;-9999;-9999;-9999;-9999;-9999;-9999;-9999;-9999;-9999;-9999;-9999;-9999;-9999;-9999
16/12/2002;11:00;-9999;-9999;-9999;-9999;-9999;-9999;-9999;-9999;-9999;-9999;-9999;-9999;-9999;-9999;-9999;-9999;-9999
16/12/2002;12:00;-9999;-9999;-9999;-9999;-9999;-9999;-9999;-9999;-9999;-9999;-9999;-9999;-9999;-9999;-9999;-9999;-9999
16/12/2002;13:00;-9999;-9999;-9999;-9999;-9999;-9999;-9999;-9999;-9999;-9999;-9999;-9999;-9999;-9999;-9999;-9999;-9999
16/12/2002;14:00;-9999;-9999;-9999;-9999;-9999;-9999;-9999;-9999;-9999;-9999;-9999;-9999;-9999;-9999;-9999;-9999;-9999
16/12/2002;15:00;-9999;-9999;-9999;-9999;-9999;-9999;-9999;-9999;-9999;-9999;-9999;-9999;-9999;-9999;-9999;-9999;-9999
16/12/2002;16:00;-9999;-9999;-9999;-9999;-9999;-9999;-9999;-9999;-9999;-9999;-9999;-9999;-9999;-9999;-9999;-9999;-9999
16/12/2002;17:00;-9999;-9999;-9999;-9999;-9999;-9999;-9999;-9999;-9999;-9999;-9999;-9999;-9999;-9999;-9999;-9999;-9999
16/12/2002;18:00;-9999;-9999;-9999;-9999;-9999;26,1;21,7;29,4;26;22,7;-9999;80;59;77;-9999;-9999;-9999
16/12/2002;19:00;-9999;-9999;-9999;-9999;0,4;24,1;-9999;-9999;-9999;-9999;-9999;-9999;21,1;-9999;-9999;-9999;-9999
16/12/2002;20:00;-9999;-9999;-9999;-9999;-9999;-9999;-9999;-9999;-9999;-9999;-9999;-9999;-9999;-9999;-9999;-9999;-9999
16/12/2002;21:00;-9999;-9999;-9999;-9999;-9999;-9999;-9999;-9999;-9999;-9999;-9999;-9999;-9999;-9999;-9999;-9999;-9999
16/12/2002;22:00;-9999;-9999;-9999;-9999;-9999;-9999;-9999;-9999;-9999;-9999;-9999;-9999;-9999;-9999;-9999;-9999;-9999
16/12/2002;23:00;-9999;-9999;-9999;-9999;-9999;23,8;22,3;24;23,6;22,6;-9999;92;90;92;-9999;-9999;-9999
17/12/2002;00:00;-9999;-9999;-9999;-9999;-9999;-9999;-9999;-9999;-9999;-9999;-9999;-9999;-9999;-9999;-9999;-9999;-9999
17/12/2002;01:00;-9999;-9999;-9999;-9999;-9999;-9999;-9999;-9999;-9999;-9999;-9999;-9999;-9999;-9999;-9999;-9999;-9999
17/12/2002;02:00;-9999;-9999;-9999;-9999;-9999;-9999;-9999;-9999;-9999;-9999;-9999;-9999;-9999;-9999;-9999;-9999;-9999
17/12/2002;03:00;-9999;-9999;-9999;-9999;-9999;-9999;-9999;-9999;-9999;-9999;-9999;-9999;-9999;-9999;-9999;-9999;-9999
17/12/2002;04:00;-9999;-9999;-9999;-9999;-9999;-9999;-9999;-9999;-9999;-9999;-9999;-9999;-9999;-9999;-9999;-9999;-9999
17/12/2002;05:00;-9999;-9999;-9999;-9999;-9999;-9999;-9999;-9999;-9999;-9999;-9999;-9999;-9999;-9999;-9999;-9999;-9999
17/12/2002;06:00;-9999;-9999;-9999;-9999;-9999;-9999;-9999;-9999;-9999;-9999;-9999;-9999;-9999;-9999;-9999;-9999;-9999
17/12/2002;07:00;-9999;-9999;-9999;-9999;-9999;-9999;-9999;-9999;-9999;-9999;-9999;-9999;-9999;-9999;-9999;-9999;-9999
17/12/2002;08:00;-9999;-9999;-9999;-9999;-9999;-9999;-9999;-9999;-9999;-9999;-9999;-9999;-9999;-9999;-9999;-9999;-9999
17/12/2002;09:00;-9999;-9999;-9999;-9999;-9999;-9999;-9999;-9999;-9999;-9999;-9999;-9999;-9999;-9999;-9999;-9999;-9999
17/12/2002;10:00;-9999;-9999;-9999;-9999;-9999;-9999;-9999;-9999;-9999;-9999;-9999;-9999;-9999;-9999;-9999;-9999;-9999
17/12/2002;11:00;-9999;-9999;-9999;-9999;-9999;-9999;-9999;-9999;-9999;-9999;-9999;-9999;-9999;-9999;-9999;-9999;-9999
17/12/2002;12:00;-9999;-9999;-9999;-9999;-9999;-9999;-9999;-9999;-9999;-9999;-9999;-9999;-9999;-9999;-9999;-9999;-9999
17/12/2002;13:00;-9999;-9999;-9999;-9999;-9999;25,8;22,1;26,2;24,5;22,9;-9999;88;80;80;-9999;-9999;-9999
17/12/2002;14:00;-9999;-9999;-9999;-9999;-9999;26,5;22,7;26,5;25,7;23;-9999;82;79;80;-9999;-9999;-9999
17/12/2002;15:00;-9999;-9999;-9999;-9999;-9999;27,5;23,3;27,5;26,2;23,3;-9999;81;74;78;-9999;-9999;-9999
17/12/2002;16:00;-9999;-9999;-9999;-9999;-9999;29,3;22,7;29,5;27,5;23,4;-9999;79;66;68;-9999;-9999;-9999
17/12/2002;17:00;-9999;-9999;-9999;-9999;-9999;30,3;22,1;30,8;29,1;23,1;-9999;68;56;62;-9999;-9999;-9999
17/12/2002;18:00;-9999;-9999;-9999;-9999;-9999;30,1;21;30,6;29,4;22,1;-9999;64;57;58;-9999;-9999;-9999
17/12/2002;19:00;-9999;-9999;-9999;-9999;-9999;30,5;21,1;31,6;30,1;22,4;-9999;61;54;57;-9999;-9999;-9999
17/12/2002;20:00;-9999;-9999;-9999;-9999;-9999;28,8;22,7;30,6;28,8;22,9;-9999;70;54;70;-9999;-9999;-9999
17/12/2002;21:00;-9999;-9999;-9999;-9999;-9999;23,8;21,1;28,8;23,7;23,1;-9999;86;70;85;-9999;-9999;-9999
17/12/2002;22:00;-9999;-9999;-9999;-9999;-9999;23,8;21,2;24,2;23,7;21,3;-9999;86;81;86;-9999;-9999;-9999
17/12/2002;23:00;-9999;-9999;-9999;-9999;-9999;23,3;21,6;23,8;23,2;21,7;-9999;90;85;90;-9999;-9999;-9999
18/12/2002;00:00;-9999;-9999;-9999;-9999;-9999;23,3;21,6;23,6;23,3;21,9;-9999;92;88;90;-9999;-9999;-9999
18/12/2002;01:00;-9999;-9999;-9999;-9999;-9999;23,3;21,9;23,4;23,1;21,9;-9999;92;90;92;-9999;-9999;-9999
18/12/2002;02:00;-9999;-9999;-9999;-9999;-9999;23,3;21,8;23,3;23,2;21,9;-9999;92;91;91;-9999;-9999;-9999
18/12/2002;03:00;-9999;-9999;-9999;-9999;-9999;23,1;22;23,4;23;22;-9999;94;90;94;-9999;-9999;-9999
18/12/2002;04:00;-9999;-9999;-9999;-9999;-9999;-9999;-9999;-9999;-9999;-9999;-9999;-9999;-9999;-9999;-9999;-9999;-9999
18/12/2002;05:00;-9999;-9999;-9999;-9999;-9999;-9999;-9999;-9999;-9999;-9999;-9999;-9999;-9999;-9999;-9999;-9999;-9999
18/12/2002;06:00;-9999;-9999;-9999;-9999;-9999;-9999;-9999;-9999;-9999;-9999;-9999;-9999;-9999;-9999;-9999;-9999;-9999
18/12/2002;07:00;-9999;-9999;-9999;-9999;-9999;-9999;-9999;-9999;-9999;-9999;-9999;-9999;-9999;-9999;-9999;-9999;-9999
18/12/2002;08:00;-9999;-9999;-9999;-9999;-9999;-9999;-9999;-9999;-9999;-9999;-9999;-9999;-9999;-9999;-9999;-9999;-9999
18/12/2002;09:00;-9999;-9999;-9999;-9999;-9999;-9999;-9999;-9999;-9999;-9999;-9999;-9999;-9999;-9999;-9999;-9999;-9999
18/12/2002;10:00;-9999;-9999;-9999;-9999;-9999;-9999;-9999;-9999;-9999;-9999;-9999;-9999;-9999;-9999;-9999;-9999;-9999
18/12/2002;11:00;-9999;-9999;-9999;-9999;-9999;-9999;-9999;-9999;-9999;-9999;-9999;-9999;-9999;-9999;-9999;-9999;-9999
18/12/2002;12:00;-9999;-9999;-9999;-9999;-9999;26,2;22,6;26,5;24,7;22,7;-9999;86;77;80;-9999;-9999;-9999
18/12/2002;13:00;-9999;-9999;-9999;-9999;-9999;27,8;22,8;27,8;26,3;22,9;-9999;80;73;74;-9999;-9999;-9999
18/12/2002;14:00;-9999;-9999;-9999;-9999;-9999;28,9;22,3;28,9;27,6;22,8;-9999;74;66;68;-9999;-9999;-9999
18/12/2002;15:00;-9999;-9999;-9999;-9999;-9999;28,3;22,9;29,9;28,1;23,1;-9999;74;64;73;-9999;-9999;-9999
18/12/2002;16:00;-9999;-9999;-9999;-9999;-9999;28,1;23,4;30,3;28,1;24,1;-9999;76;61;76;-9999;-9999;-9999
18/12/2002;17:00;-9999;-9999;-9999;-9999;-9999;26;22,2;28,1;26;24,2;-9999;83;74;80;-9999;-9999;-9999
18/12/2002;18:00;-9999;-9999;-9999;-9999;-9999;28,7;24,2;28,7;24,6;24,3;-9999;90;73;77;-9999;-9999;-9999
18/12/2002;19:00;-9999;-9999;-9999;-9999;-9999;29,1;23;29,9;28,7;24,2;-9999;76;66;70;-9999;-9999;-9999
18/12/2002;20:00;-9999;-9999;-9999;-9999;-9999;27,6;23,1;29,1;27,6;23,8;-9999;78;70;76;-9999;-9999;-9999
18/12/2002;21:00;-9999;-9999;-9999;-9999;-9999;26;23,2;27,6;25,9;23,6;-9999;86;75;85;-9999;-9999;-9999
18/12/2002;22:00;-9999;-9999;-9999;-9999;-9999;25,1;23;26;25;23,3;-9999;89;84;88;-9999;-9999;-9999
18/12/2002;23:00;-9999;-9999;-9999;-9999;-9999;24,7;22,5;25,3;24,7;23;-9999;90;86;88;-9999;-9999;-9999
19/12/2002;00:00;-9999;-9999;-9999;-9999;-9999;23,5;21,2;24,7;23,5;22,4;-9999;88;85;87;-9999;-9999;-9999
19/12/2002;01:00;-9999;-9999;-9999;-9999;-9999;23,2;20,9;23,5;23,2;21,2;-9999;87;85;87;-9999;-9999;-9999
19/12/2002;02:00;-9999;-9999;-9999;-9999;-9999;22,9;21;23,3;22,9;21;-9999;89;87;89;-9999;-9999;-9999
19/12/2002;03:00;-9999;-9999;-9999;-9999;-9999;22,8;21,1;23;22,6;21,2;-9999;91;88;90;-9999;-9999;-9999
19/12/2002;04:00;-9999;-9999;-9999;-9999;-9999;22,7;21,2;22,8;22,7;21,2;-9999;91;89;91;-9999;-9999;-9999
19/12/2002;05:00;-9999;-9999;-9999;-9999;-9999;22,5;21,1;22,8;22,5;21,2;-9999;92;91;92;-9999;-9999;-9999
19/12/2002;06:00;-9999;-9999;-9999;-9999;-9999;22,3;21,1;22,5;22,3;21,1;-9999;93;91;93;-9999;-9999;-9999
19/12/2002;07:00;-9999;-9999;-9999;-9999;-9999;22,1;21,1;22,4;22,1;21,2;-9999;94;93;94;-9999;-9999;-9999
19/12/2002;08:00;-9999;-9999;-9999;-9999;-9999;22,2;21,1;22,3;22,1;21,2;-9999;94;93;93;-9999;-9999;-9999
19/12/2002;09:00;-9999;-9999;-9999;-9999;-9999;-9999;-9999;-9999;-9999;-9999;-9999;-9999;-9999;-9999;-9999;-9999;-9999
19/12/2002;10:00;-9999;-9999;-9999;-9999;-9999;-9999;-9999;-9999;-9999;-9999;-9999;-9999;-9999;-9999;-9999;-9999;-9999
19/12/2002;11:00;-9999;-9999;-9999;-9999;-9999;-9999;-9999;-9999;-9999;-9999;-9999;-9999;-9999;-9999;-9999;-9999;-9999
19/12/2002;12:00;-9999;-9999;-9999;-9999;-9999;24,5;21,6;24,7;23,4;21,9;-9999;88;82;84;-9999;-9999;-9999
19/12/2002;13:00;-9999;-9999;-9999;-9999;-9999;24,8;21,7;25,3;24,4;22,1;-9999;87;80;83;-9999;-9999;-9999
19/12/2002;14:00;-9999;-9999;-9999;-9999;-9999;25,3;21,5;25,4;24,4;21,9;-9999;83;78;79;-9999;-9999;-9999
19/12/2002;15:00;-9999;-9999;-9999;-9999;-9999;26,2;21,6;26,5;25,1;22,1;-9999;81;76;76;-9999;-9999;-9999
19/12/2002;16:00;-9999;-9999;-9999;-9999;-9999;26,9;21,4;26,9;25,7;22,2;-9999;81;71;72;-9999;-9999;-9999
19/12/2002;17:00;-9999;-9999;-9999;-9999;-9999;26,5;21,7;27,5;26,4;21,8;-9999;75;68;75;-9999;-9999;-9999
19/12/2002;18:00;-9999;-9999;-9999;-9999;-9999;26,8;21,1;27,9;26,6;21,8;-9999;75;68;71;-9999;-9999;-9999
19/12/2002;19:00;-9999;-9999;-9999;-9999;-9999;27,3;21,3;27,9;26,6;21,7;-9999;72;67;70;-9999;-9999;-9999
19/12/2002;20:00;-9999;-9999;-9999;-9999;-9999;27,9;21,7;28,1;27,2;22;-9999;71;67;69;-9999;-9999;-9999
19/12/2002;21:00;-9999;-9999;-9999;-9999;-9999;27,7;20,8;28,2;27,6;21,9;-9999;69;63;66;-9999;-9999;-9999
19/12/2002;22:00;-9999;-9999;-9999;-9999;-9999;26,9;21,7;27,7;26,9;21,7;-9999;73;66;73;-9999;-9999;-9999
19/12/2002;23:00;-9999;-9999;-9999;-9999;-9999;26,1;22,5;26,9;26,1;22,6;-9999;81;73;81;-9999;-9999;-9999
20/12/2002;00:00;-9999;-9999;-9999;-9999;-9999;25,2;22,8;26,1;25,2;22,8;-9999;87;80;86;-9999;-9999;-9999
20/12/2002;01:00;-9999;-9999;-9999;-9999;-9999;24,3;22,8;25,2;24,3;23;-9999;91;86;91;-9999;-9999;-9999
20/12/2002;02:00;-9999;-9999;-9999;-9999;-9999;23,8;22,5;24,3;23,8;22,8;-9999;92;91;92;-9999;-9999;-9999
20/12/2002;03:00;-9999;-9999;-9999;-9999;-9999;24;22,5;24;23,8;22,6;-9999;92;92;92;-9999;-9999;-9999
20/12/2002;04:00;-9999;-9999;-9999;-9999;-9999;23,4;22,3;24;23,3;22,5;-9999;94;92;94;-9999;-9999;-9999
20/12/2002;05:00;-9999;-9999;-9999;-9999;-9999;23,2;22,1;23,4;23,1;22,4;-9999;94;93;94;-9999;-9999;-9999
20/12/2002;06:00;-9999;-9999;-9999;-9999;-9999;23;22;23,2;23;22,1;-9999;94;93;94;-9999;-9999;-9999
20/12/2002;07:00;-9999;-9999;-9999;-9999;-9999;23;22;23,1;23;22,1;-9999;94;94;94;-9999;-9999;-9999
20/12/2002;08:00;-9999;-9999;-9999;-9999;-9999;22,8;21,9;23;22,8;22;-9999;95;94;95;-9999;-9999;-9999
20/12/2002;09:00;-9999;-9999;-9999;-9999;-9999;22,9;21,9;22,9;22,8;21,9;-9999;95;94;94;-9999;-9999;-9999
20/12/2002;10:00;-9999;-9999;-9999;-9999;-9999;23;22;23;22,8;22,1;-9999;95;94;94;-9999;-9999;-9999
20/12/2002;11:00;-9999;-9999;-9999;-9999;-9999;24;22,1;24,1;23;22,3;-9999;94;89;89;-9999;-9999;-9999
20/12/2002;12:00;-9999;-9999;-9999;-9999;-9999;24,9;22,2;24,9;23,8;22,4;-9999;90;85;85;-9999;-9999;-9999
20/12/2002;13:00;-9999;-9999;-9999;-9999;-9999;25,6;22,1;25,6;24,8;22,5;-9999;85;81;81;-9999;-9999;-9999
20/12/2002;14:00;-9999;-9999;-9999;-9999;-9999;23,4;22,3;26,3;23,1;22,5;-9999;95;77;94;-9999;-9999;-9999
20/12/2002;15:00;-9999;-9999;-9999;-9999;-9999;23,5;21,9;24,8;23,4;22,8;-9999;94;87;91;-9999;-9999;-9999
20/12/2002;16:00;-9999;-9999;-9999;-9999;-9999;24;22,9;24;22,9;23;-9999;95;91;94;-9999;-9999;-9999
20/12/2002;17:00;-9999;-9999;-9999;-9999;-9999;23,5;21,9;24;22,1;23;-9999;94;88;91;-9999;-9999;-9999
20/12/2002;18:00;-9999;-9999;-9999;-9999;-9999;25,2;22,5;25,2;23,5;22,6;-9999;91;84;85;-9999;-9999;-9999
20/12/2002;19:00;-9999;-9999;-9999;-9999;-9999;26,5;22;26,6;25,2;22,4;-9999;85;75;77;-9999;-9999;-9999
20/12/2002;20:00;-9999;-9999;-9999;-9999;-9999;27,8;22,4;28,2;26,4;22,5;-9999;79;68;73;-9999;-9999;-9999
20/12/2002;21:00;-9999;-9999;-9999;-9999;-9999;21,7;20,7;28,5;21,7;22,4;-9999;94;66;94;-9999;-9999;-9999
20/12/2002;22:00;-9999;-9999;-9999;-9999;-9999;22,7;21,6;23;21,7;21,9;-9999;95;91;93;-9999;-9999;-9999
20/12/2002;23:00;-9999;-9999;-9999;-9999;-9999;23,1;21,9;23,3;22,6;22,1;-9999;94;93;93;-9999;-9999;-9999
21/12/2002;00:00;-9999;-9999;-9999;-9999;-9999;22,9;21,9;23,3;22,9;22,1;-9999;95;93;94;-9999;-9999;-9999
21/12/2002;01:00;-9999;-9999;-9999;-9999;-9999;22,8;21,9;23;22,8;22,1;-9999;95;94;95;-9999;-9999;-9999
21/12/2002;02:00;-9999;-9999;-9999;-9999;-9999;22,4;21,5;22,9;22,4;22;-9999;95;94;95;-9999;-9999;-9999
21/12/2002;03:00;-9999;-9999;-9999;-9999;-9999;22,2;21,4;22,4;22,1;21,6;-9999;95;95;95;-9999;-9999;-9999
21/12/2002;04:00;-9999;-9999;-9999;-9999;-9999;21,7;21;22,2;21,7;21,3;-9999;96;95;96;-9999;-9999;-9999
21/12/2002;05:00;-9999;-9999;-9999;-9999;-9999;21,6;20,9;21,8;21,6;21;-9999;96;96;96;-9999;-9999;-9999
21/12/2002;06:00;-9999;-9999;-9999;-9999;-9999;21,1;20,5;21,7;21,1;21;-9999;96;96;96;-9999;-9999;-9999
21/12/2002;07:00;-9999;-9999;-9999;-9999;-9999;21;20,4;21,1;20,9;20,5;-9999;96;96;96;-9999;-9999;-9999
21/12/2002;08:00;-9999;-9999;-9999;-9999;-9999;20,9;20,3;21;20,8;20,4;-9999;97;96;96;-9999;-9999;-9999
21/12/2002;09:00;-9999;-9999;-9999;-9999;-9999;20,8;20,2;20,9;20,7;20,3;-9999;96;96;96;-9999;-9999;-9999
21/12/2002;10:00;-9999;-9999;-9999;-9999;-9999;20,8;20,2;20,9;20,5;20,3;-9999;96;96;96;-9999;-9999;-9999
21/12/2002;11:00;-9999;-9999;-9999;-9999;-9999;22,4;21,4;22,4;20,8;21,4;-9999;96;94;94;-9999;-9999;-9999
21/12/2002;12:00;-9999;-9999;-9999;-9999;-9999;24,6;21,2;24,7;22,4;21,9;-9999;94;82;82;-9999;-9999;-9999
21/12/2002;13:00;-9999;-9999;-9999;-9999;-9999;26,8;22,1;26,8;24,5;22,6;-9999;83;76;76;-9999;-9999;-9999
21/12/2002;14:00;-9999;-9999;-9999;-9999;-9999;29;21,7;29;26,8;23,1;-9999;76;65;65;-9999;-9999;-9999
21/12/2002;15:00;-9999;-9999;-9999;-9999;-9999;28,7;21,7;29,3;28,3;22,9;-9999;71;62;66;-9999;-9999;-9999
21/12/2002;16:00;-9999;-9999;-9999;-9999;-9999;30,4;21;30,7;28,6;22,6;-9999;68;56;57;-9999;-9999;-9999
21/12/2002;17:00;-9999;-9999;-9999;-9999;-9999;30,9;20,9;31,7;30,3;21,6;-9999;59;51;55;-9999;-9999;-9999
21/12/2002;18:00;-9999;-9999;-9999;-9999;-9999;31,4;21,3;32,1;30,8;21,5;-9999;57;50;55;-9999;-9999;-9999
21/12/2002;19:00;-9999;-9999;-9999;-9999;-9999;31,5;20,7;32,3;31,1;21,2;-9999;55;49;53;-9999;-9999;-9999
21/12/2002;20:00;-9999;-9999;-9999;-9999;-9999;24,1;20,7;32;23,7;21,4;-9999;82;50;82;-9999;-9999;-9999
21/12/2002;21:00;-9999;-9999;-9999;-9999;-9999;27,9;23,1;27,9;24,1;24,4;-9999;89;73;76;-9999;-9999;-9999
21/12/2002;22:00;-9999;-9999;-9999;-9999;-9999;26;21,6;27,9;25,7;23,5;-9999;79;71;77;-9999;-9999;-9999
21/12/2002;23:00;-9999;-9999;-9999;-9999;-9999;25,6;21,8;26,5;25,6;22,3;-9999;80;71;79;-9999;-9999;-9999
22/12/2002;00:00;-9999;-9999;-9999;-9999;-9999;25;21,8;25,7;25;22,3;-9999;84;79;82;-9999;-9999;-9999
22/12/2002;01:00;-9999;-9999;-9999;-9999;-9999;24,3;21,6;25;24,3;22,1;-9999;86;82;85;-9999;-9999;-9999
22/12/2002;02:00;-9999;-9999;-9999;-9999;-9999;24;22;24,3;23,8;22;-9999;89;84;89;-9999;-9999;-9999
22/12/2002;03:00;-9999;-9999;-9999;-9999;-9999;22,9;21,6;24;22,9;22;-9999;92;89;92;-9999;-9999;-9999
22/12/2002;04:00;-9999;-9999;-9999;-9999;-9999;22,9;21,6;23,3;22,8;21,6;-9999;93;89;92;-9999;-9999;-9999
22/12/2002;05:00;-9999;-9999;-9999;-9999;-9999;22,8;21,4;22,9;22,5;21,6;-9999;94;92;92;-9999;-9999;-9999
22/12/2002;06:00;-9999;-9999;-9999;-9999;-9999;22,2;21;22,8;22,1;21,4;-9999;94;92;93;-9999;-9999;-9999
22/12/2002;07:00;-9999;-9999;-9999;-9999;-9999;22,1;21,1;22,4;22;21,2;-9999;95;93;95;-9999;-9999;-9999
22/12/2002;08:00;-9999;-9999;-9999;-9999;-9999;22;20,9;22,2;21,9;21,3;-9999;95;93;94;-9999;-9999;-9999
22/12/2002;09:00;-9999;-9999;-9999;-9999;-9999;21,7;20,8;22;21,5;20,9;-9999;95;94;95;-9999;-9999;-9999
22/12/2002;10:00;-9999;-9999;-9999;-9999;-9999;22,9;21,1;22,9;21,6;21,2;-9999;95;90;90;-9999;-9999;-9999
22/12/2002;11:00;-9999;-9999;-9999;-9999;-9999;24,8;21,7;24,8;22,6;21,8;-9999;91;83;83;-9999;-9999;-9999
22/12/2002;12:00;-9999;-9999;-9999;-9999;-9999;27,2;22;27,4;24,9;22,8;-9999;84;72;73;-9999;-9999;-9999
22/12/2002;13:00;-9999;-9999;-9999;-9999;-9999;28,8;22,1;29,1;27,1;22,9;-9999;76;66;67;-9999;-9999;-9999
22/12/2002;14:00;-9999;-9999;-9999;-9999;-9999;29,8;22;30,3;28,8;22,8;-9999;68;61;63;-9999;-9999;-9999
22/12/2002;15:00;-9999;-9999;-9999;-9999;-9999;30,7;22,3;30,9;29,5;22,8;-9999;64;58;61;-9999;-9999;-9999
22/12/2002;16:00;-9999;-9999;-9999;-9999;-9999;31,4;22,3;31,6;30,6;23;-9999;62;57;58;-9999;-9999;-9999
22/12/2002;17:00;-9999;-9999;-9999;-9999;-9999;31,2;20,7;32,3;30,9;22,1;-9999;59;50;54;-9999;-9999;-9999
22/12/2002;18:00;-9999;-9999;-9999;-9999;-9999;31,8;20,7;32,5;31;21,8;-9999;56;50;52;-9999;-9999;-9999
22/12/2002;19:00;-9999;-9999;-9999;-9999;-9999;32,6;20,4;32,9;31,8;21,6;-9999;55;48;49;-9999;-9999;-9999
22/12/2002;20:00;-9999;-9999;-9999;-9999;-9999;32,4;20,7;32,8;32,1;21;-9999;52;46;50;-9999;-9999;-9999
22/12/2002;21:00;-9999;-9999;-9999;-9999;-9999;31,7;20,3;32,4;31,7;20,8;-9999;52;49;51;-9999;-9999;-9999
22/12/2002;22:00;-9999;-9999;-9999;-9999;-9999;30,4;20,9;31,8;30,4;21;-9999;57;51;57;-9999;-9999;-9999
22/12/2002;23:00;-9999;-9999;-9999;-9999;-9999;29,5;20,8;30,4;29,2;21,4;-9999;63;56;60;-9999;-9999;-9999
23/12/2002;00:00;-9999;-9999;-9999;-9999;-9999;27,9;21,6;29,5;27,9;21,7;-9999;69;59;69;-9999;-9999;-9999
23/12/2002;01:00;-9999;-9999;-9999;-9999;-9999;26,5;21,6;27,9;26,4;21,7;-9999;75;69;75;-9999;-9999;-9999
23/12/2002;02:00;-9999;-9999;-9999;-9999;-9999;26,4;21,9;26,6;26,1;22,1;-9999;79;75;76;-9999;-9999;-9999
23/12/2002;03:00;-9999;-9999;-9999;-9999;-9999;25,3;21,8;26,4;25,3;22,3;-9999;81;76;81;-9999;-9999;-9999
23/12/2002;04:00;-9999;-9999;-9999;-9999;-9999;24,7;21,6;25,4;24,7;21,8;-9999;83;80;83;-9999;-9999;-9999
23/12/2002;05:00;-9999;-9999;-9999;-9999;-9999;24,3;21;24,8;24,3;21,5;-9999;83;80;82;-9999;-9999;-9999
23/12/2002;06:00;-9999;-9999;-9999;-9999;-9999;24,3;21,1;24,3;23,8;21,3;-9999;85;82;83;-9999;-9999;-9999
23/12/2002;07:00;-9999;-9999;-9999;-9999;-9999;23,5;21,5;24,3;23,5;21,6;-9999;89;83;89;-9999;-9999;-9999
23/12/2002;08:00;-9999;-9999;-9999;-9999;-9999;23,5;21,1;23,7;23,4;21,6;-9999;89;85;86;-9999;-9999;-9999
23/12/2002;09:00;-9999;-9999;-9999;-9999;-9999;23,1;20,6;23,6;23,1;21,1;-9999;87;84;86;-9999;-9999;-9999
23/12/2002;10:00;-9999;-9999;-9999;-9999;-9999;24,1;20,8;24,1;22,9;21;-9999;87;81;82;-9999;-9999;-9999
23/12/2002;11:00;-9999;-9999;-9999;-9999;-9999;25,2;20,9;25,4;24,1;21,5;-9999;82;76;77;-9999;-9999;-9999
23/12/2002;12:00;-9999;-9999;-9999;-9999;-9999;27;21,3;27,1;25,2;21,6;-9999;78;70;71;-9999;-9999;-9999
23/12/2002;13:00;-9999;-9999;-9999;-9999;-9999;27,9;21,4;29,1;27;22,3;-9999;72;62;68;-9999;-9999;-9999
23/12/2002;14:00;-9999;-9999;-9999;-9999;-9999;28,6;20,6;28,6;26,3;21,8;-9999;76;60;62;-9999;-9999;-9999
23/12/2002;15:00;-9999;-9999;-9999;-9999;-9999;30,1;21,2;30,4;28,1;21,7;-9999;64;57;59;-9999;-9999;-9999
23/12/2002;16:00;-9999;-9999;-9999;-9999;-9999;31,1;21,1;31,1;29,9;22,2;-9999;60;55;55;-9999;-9999;-9999
23/12/2002;17:00;-9999;-9999;-9999;-9999;-9999;30,3;21;31,8;30,3;22,2;-9999;60;53;57;-9999;-9999;-9999
23/12/2002;18:00;-9999;-9999;-9999;-9999;-9999;30,9;21,6;30,9;29,5;22,3;-9999;63;56;58;-9999;-9999;-9999
23/12/2002;19:00;-9999;-9999;-9999;-9999;-9999;31,5;21,4;32,1;30,5;22,1;-9999;60;54;55;-9999;-9999;-9999
23/12/2002;20:00;-9999;-9999;-9999;-9999;-9999;30,7;21,8;32;30,7;22;-9999;59;51;59;-9999;-9999;-9999
23/12/2002;21:00;-9999;-9999;-9999;-9999;-9999;29,9;21;30,7;29,6;21,9;-9999;62;55;59;-9999;-9999;-9999
23/12/2002;22:00;-9999;-9999;-9999;-9999;-9999;28,8;19,8;29,9;28,8;21,3;-9999;61;56;58;-9999;-9999;-9999
23/12/2002;23:00;-9999;-9999;-9999;-9999;-9999;27,4;20,6;28,8;27,4;20,6;-9999;67;57;67;-9999;-9999;-9999
24/12/2002;00:00;-9999;-9999;-9999;-9999;-9999;26;21,1;27,4;26;21,3;-9999;75;67;74;-9999;-9999;-9999
24/12/2002;01:00;-9999;-9999;-9999;-9999;-9999;25,7;21,1;26,4;25,6;21,4;-9999;77;72;76;-9999;-9999;-9999
24/12/2002;02:00;-9999;-9999;-9999;-9999;-9999;24,8;21,2;25,8;24,6;21,7;-9999;81;75;81;-9999;-9999;-9999
24/12/2002;03:00;-9999;-9999;-9999;-9999;-9999;25;21,5;25,2;24,6;21,7;-9999;83;81;81;-9999;-9999;-9999
24/12/2002;04:00;-9999;-9999;-9999;-9999;-9999;23,9;21,8;25;23,9;21,8;-9999;88;81;88;-9999;-9999;-9999
24/12/2002;05:00;-9999;-9999;-9999;-9999;-9999;23,9;21,8;24,2;23,8;21,9;-9999;88;86;88;-9999;-9999;-9999
24/12/2002;06:00;-9999;-9999;-9999;-9999;-9999;23,2;21,5;23,9;23,2;21,9;-9999;91;88;90;-9999;-9999;-9999
24/12/2002;07:00;-9999;-9999;-9999;-9999;-9999;22,9;21,1;23,3;22,8;21,5;-9999;91;89;90;-9999;-9999;-9999
24/12/2002;08:00;-9999;-9999;-9999;-9999;-9999;22,6;21,3;23;22,4;21,3;-9999;93;89;93;-9999;-9999;-9999
24/12/2002;09:00;-9999;-9999;-9999;-9999;-9999;22,2;20,5;22,6;22,2;21,4;-9999;93;90;90;-9999;-9999;-9999
24/12/2002;10:00;-9999;-9999;-9999;-9999;-9999;23,1;21,2;23,1;21,7;21,2;-9999;93;89;89;-9999;-9999;-9999
24/12/2002;11:00;-9999;-9999;-9999;-9999;-9999;25,7;22,1;25,7;23,1;22,1;-9999;89;80;81;-9999;-9999;-9999
24/12/2002;12:00;-9999;-9999;-9999;-9999;-9999;27,5;22,2;27,6;25,5;22,4;-9999;81;72;73;-9999;-9999;-9999
24/12/2002;13:00;-9999;-9999;-9999;-9999;-9999;29,6;22,1;29,6;27,5;22,5;-9999;74;63;64;-9999;-9999;-9999
24/12/2002;14:00;-9999;-9999;-9999;-9999;-9999;29,5;22;30,2;29;22,6;-9999;66;61;64;-9999;-9999;-9999
24/12/2002;15:00;-9999;-9999;-9999;-9999;-9999;31,3;22,3;31,3;29,3;22,6;-9999;66;56;59;-9999;-9999;-9999
24/12/2002;16:00;-9999;-9999;-9999;-9999;-9999;31,7;21,2;32,5;30,3;22,2;-9999;61;52;54;-9999;-9999;-9999
24/12/2002;17:00;-9999;-9999;-9999;-9999;-9999;32,8;20,4;33,3;31,4;21,8;-9999;56;44;48;-9999;-9999;-9999
24/12/2002;18:00;-9999;-9999;-9999;-9999;-9999;33;20,9;33,6;31,9;21,8;-9999;54;48;49;-9999;-9999;-9999
24/12/2002;19:00;-9999;-9999;-9999;-9999;-9999;23,9;20,5;33,1;23,7;21,6;-9999;85;47;81;-9999;-9999;-9999
24/12/2002;20:00;-9999;-9999;-9999;-9999;-9999;26;21,8;26,4;23,8;22;-9999;83;74;78;-9999;-9999;-9999
24/12/2002;21:00;-9999;-9999;-9999;-9999;-9999;27,9;22,8;28,1;26;22,8;-9999;80;68;74;-9999;-9999;-9999
24/12/2002;22:00;-9999;-9999;-9999;-9999;-9999;26,7;23,7;28,6;26,7;23,7;-9999;83;70;83;-9999;-9999;-9999
24/12/2002;23:00;-9999;-9999;-9999;-9999;-9999;26,1;22,5;26,7;25,9;23,6;-9999;86;80;80;-9999;-9999;-9999
25/12/2002;00:00;-9999;-9999;-9999;-9999;-9999;25,4;23,5;26,1;25,4;23,6;-9999;90;80;89;-9999;-9999;-9999
25/12/2002;01:00;-9999;-9999;-9999;-9999;-9999;25,8;22,3;25,9;25,3;23,6;-9999;89;80;81;-9999;-9999;-9999
25/12/2002;02:00;-9999;-9999;-9999;-9999;-9999;25,4;22,2;25,8;25,2;22,6;-9999;86;81;82;-9999;-9999;-9999
25/12/2002;03:00;-9999;-9999;-9999;-9999;-9999;25,1;22,2;25,6;25,1;22,6;-9999;86;82;84;-9999;-9999;-9999
25/12/2002;04:00;-9999;-9999;-9999;-9999;-9999;24,6;22,4;25,2;24,5;22,4;-9999;88;84;88;-9999;-9999;-9999
25/12/2002;05:00;-9999;-9999;-9999;-9999;-9999;23,8;22,4;24,5;23,8;22,6;-9999;92;88;92;-9999;-9999;-9999
25/12/2002;06:00;-9999;-9999;-9999;-9999;-9999;23,8;22,5;23,9;23,8;22,5;-9999;92;91;92;-9999;-9999;-9999
25/12/2002;07:00;-9999;-9999;-9999;-9999;-9999;23,5;22,4;23,8;23,5;22,5;-9999;93;92;93;-9999;-9999;-9999
25/12/2002;08:00;-9999;-9999;-9999;-9999;-9999;23,9;22;23,9;23,5;22,4;-9999;93;89;89;-9999;-9999;-9999
25/12/2002;09:00;-9999;-9999;-9999;-9999;-9999;23,9;21,4;24,1;23,8;22;-9999;89;86;86;-9999;-9999;-9999
25/12/2002;10:00;-9999;-9999;-9999;-9999;-9999;24;21,7;24;23,6;21,8;-9999;89;86;87;-9999;-9999;-9999
25/12/2002;11:00;-9999;-9999;-9999;-9999;-9999;24,8;22,3;24,8;24;22,3;-9999;87;85;86;-9999;-9999;-9999
25/12/2002;12:00;-9999;-9999;-9999;-9999;-9999;27;22,3;27,1;24,7;23;-9999;87;75;76;-9999;-9999;-9999
25/12/2002;13:00;-9999;-9999;-9999;-9999;-9999;28,5;22;28,9;27;23,4;-9999;76;67;68;-9999;-9999;-9999
25/12/2002;14:00;-9999;-9999;-9999;-9999;-9999;30;21,7;30,3;28,5;22,9;-9999;71;61;61;-9999;-9999;-9999
25/12/2002;15:00;-9999;-9999;-9999;-9999;-9999;31;22,1;31;29,9;22,5;-9999;63;58;59;-9999;-9999;-9999
25/12/2002;16:00;-9999;-9999;-9999;-9999;-9999;32,1;21,5;32,4;30,6;22,1;-9999;59;50;53;-9999;-9999;-9999
25/12/2002;17:00;-9999;-9999;-9999;-9999;-9999;32,7;21,7;33;31,1;21,9;-9999;58;49;53;-9999;-9999;-9999
25/12/2002;18:00;-9999;-9999;-9999;-9999;-9999;32,2;20,7;32,8;31,7;22;-9999;56;48;51;-9999;-9999;-9999
25/12/2002;19:00;-9999;-9999;-9999;-9999;-9999;31,9;20,9;33,6;31,9;21,2;-9999;53;47;52;-9999;-9999;-9999
25/12/2002;20:00;-9999;-9999;-9999;-9999;-9999;31,2;20,4;31,9;31;22,1;-9999;60;52;53;-9999;-9999;-9999
25/12/2002;21:00;-9999;-9999;-9999;-9999;-9999;28,4;23,3;31,4;28,4;23,9;-9999;74;52;74;-9999;-9999;-9999
25/12/2002;22:00;-9999;-9999;-9999;-9999;-9999;26,5;22,7;28,4;26,5;23,4;-9999;80;73;80;-9999;-9999;-9999
25/12/2002;23:00;-9999;-9999;-9999;-9999;-9999;25,3;22,2;26,5;25,2;22,8;-9999;84;80;83;-9999;-9999;-9999
26/12/2002;00:00;-9999;-9999;-9999;-9999;-9999;25,6;22;25,9;25,3;22,2;-9999;83;80;81;-9999;-9999;-9999
26/12/2002;01:00;-9999;-9999;-9999;-9999;-9999;26;22,2;26,1;25,3;22,3;-9999;81;79;80;-9999;-9999;-9999
26/12/2002;02:00;-9999;-9999;-9999;-9999;-9999;25,9;22,4;26,5;25,9;22,4;-9999;81;76;81;-9999;-9999;-9999
26/12/2002;03:00;-9999;-9999;-9999;-9999;-9999;25,5;22;25,9;25,5;22,4;-9999;81;80;81;-9999;-9999;-9999
26/12/2002;04:00;-9999;-9999;-9999;-9999;-9999;24,1;22,4;25,5;24,1;22,5;-9999;90;81;90;-9999;-9999;-9999
26/12/2002;05:00;-9999;-9999;-9999;-9999;-9999;23,3;22,2;24,1;23,3;22,4;-9999;94;90;93;-9999;-9999;-9999
26/12/2002;06:00;-9999;-9999;-9999;-9999;-9999;22,9;21,8;23,3;22,8;22,2;-9999;94;93;93;-9999;-9999;-9999
26/12/2002;07:00;-9999;-9999;-9999;-9999;-9999;22,9;21,7;23;22,8;21,8;-9999;93;92;93;-9999;-9999;-9999
26/12/2002;08:00;-9999;-9999;-9999;-9999;-9999;22,7;21,5;23;22,6;21,8;-9999;94;93;93;-9999;-9999;-9999
26/12/2002;09:00;-9999;-9999;-9999;-9999;-9999;22,5;21,3;22,7;22,4;21,5;-9999;93;91;93;-9999;-9999;-9999
26/12/2002;10:00;-9999;-9999;-9999;-9999;-9999;22,5;21,1;22,5;22,4;21,3;-9999;93;92;92;-9999;-9999;-9999
26/12/2002;11:00;-9999;-9999;-9999;-9999;-9999;23,1;21,7;23,1;22,5;21,8;-9999;93;91;92;-9999;-9999;-9999
26/12/2002;12:00;-9999;-9999;-9999;-9999;-9999;23,9;22,1;23,9;23,1;22,1;-9999;92;88;89;-9999;-9999;-9999
26/12/2002;13:00;-9999;-9999;-9999;-9999;-9999;25,2;21,7;25,3;23,8;22,3;-9999;90;81;81;-9999;-9999;-9999
26/12/2002;14:00;-9999;-9999;-9999;-9999;-9999;26,3;22,1;26,4;25,1;22,4;-9999;83;76;77;-9999;-9999;-9999
26/12/2002;15:00;-9999;-9999;-9999;-9999;-9999;27,3;21,9;27,5;26,2;22,8;-9999;78;70;72;-9999;-9999;-9999
26/12/2002;16:00;-9999;-9999;-9999;-9999;-9999;27,5;22,7;27,7;27;22,7;-9999;77;71;75;-9999;-9999;-9999
26/12/2002;17:00;-9999;-9999;-9999;-9999;-9999;28,8;22,4;28,9;27,2;23,1;-9999;76;68;68;-9999;-9999;-9999
26/12/2002;18:00;-9999;-9999;-9999;-9999;-9999;29,2;21,9;30,2;28,5;23;-9999;70;63;65;-9999;-9999;-9999
26/12/2002;19:00;-9999;-9999;-9999;-9999;-9999;30,5;21,3;30,8;29,2;22,3;-9999;66;56;58;-9999;-9999;-9999
26/12/2002;20:00;-9999;-9999;-9999;-9999;-9999;30,3;21,1;31,3;30;22;-9999;60;54;58;-9999;-9999;-9999
26/12/2002;21:00;-9999;-9999;-9999;-9999;-9999;30;21,4;31;29,8;21,6;-9999;61;54;60;-9999;-9999;-9999
26/12/2002;22:00;-9999;-9999;-9999;-9999;-9999;28,9;21,7;30,2;28,9;21,9;-9999;66;58;65;-9999;-9999;-9999
26/12/2002;23:00;-9999;-9999;-9999;-9999;-9999;28,4;22;28,9;28,1;22,1;-9999;70;65;69;-9999;-9999;-9999
27/12/2002;00:00;-9999;-9999;-9999;-9999;-9999;27,3;22,6;28,4;27,3;22,9;-9999;77;68;76;-9999;-9999;-9999
27/12/2002;01:00;-9999;-9999;-9999;-9999;-9999;26,7;22,7;27,3;26,6;22,9;-9999;80;75;79;-9999;-9999;-9999
27/12/2002;02:00;-9999;-9999;-9999;-9999;-9999;26,6;22,7;26,7;26,3;22,9;-9999;81;78;79;-9999;-9999;-9999
27/12/2002;03:00;-9999;-9999;-9999;-9999;-9999;26,4;22,8;26,7;26,3;23;-9999;81;78;81;-9999;-9999;-9999
27/12/2002;04:00;-9999;-9999;-9999;-9999;-9999;25,4;22,6;26,4;25,4;22,8;-9999;85;79;85;-9999;-9999;-9999
27/12/2002;05:00;-9999;-9999;-9999;-9999;-9999;24,8;22,4;25,6;24,8;23;-9999;87;84;86;-9999;-9999;-9999
27/12/2002;06:00;-9999;-9999;-9999;-9999;-9999;23,7;20,8;24,8;23,7;22,5;-9999;89;84;84;-9999;-9999;-9999
27/12/2002;07:00;-9999;-9999;-9999;-9999;-9999;22,9;20,7;23,7;22,9;21;-9999;89;84;87;-9999;-9999;-9999
27/12/2002;08:00;-9999;-9999;-9999;-9999;-9999;22,6;20,6;22,9;22,6;20,8;-9999;89;87;89;-9999;-9999;-9999
27/12/2002;09:00;-9999;-9999;-9999;-9999;-9999;22,4;20,8;22,6;22,4;20,8;-9999;91;88;91;-9999;-9999;-9999
27/12/2002;10:00;-9999;-9999;-9999;-9999;-9999;22,5;21;22,5;22,3;21;-9999;92;91;91;-9999;-9999;-9999
27/12/2002;11:00;-9999;-9999;-9999;-9999;-9999;23,6;21,4;23,6;22,5;21,6;-9999;91;87;87;-9999;-9999;-9999
27/12/2002;12:00;-9999;-9999;-9999;-9999;-9999;24,7;21,7;24,7;23,6;21,9;-9999;88;83;84;-9999;-9999;-9999
27/12/2002;13:00;-9999;-9999;-9999;-9999;-9999;25,5;21,7;25,5;24,6;22;-9999;85;80;80;-9999;-9999;-9999
27/12/2002;14:00;-9999;-9999;-9999;-9999;-9999;26,2;22;26,6;25,4;22,3;-9999;81;74;77;-9999;-9999;-9999
27/12/2002;15:00;-9999;-9999;-9999;-9999;-9999;28;22,1;28,2;26,2;22,1;-9999;78;68;70;-9999;-9999;-9999
27/12/2002;16:00;-9999;-9999;-9999;-9999;-9999;29,4;21,7;29,4;27,8;22,6;-9999;71;63;63;-9999;-9999;-9999
27/12/2002;17:00;-9999;-9999;-9999;-9999;-9999;29,8;21,3;30,6;28,8;22,3;-9999;66;57;60;-9999;-9999;-9999
27/12/2002;18:00;-9999;-9999;-9999;-9999;-9999;31,4;21,2;31,8;29,8;22,2;-9999;61;53;55;-9999;-9999;-9999
27/12/2002;19:00;-9999;-9999;-9999;-9999;-9999;31;21,5;31,4;30,6;22,1;-9999;59;53;57;-9999;-9999;-9999
27/12/2002;20:00;-9999;-9999;-9999;-9999;-9999;31,2;21;31,3;30,2;21,7;-9999;59;55;55;-9999;-9999;-9999
27/12/2002;21:00;-9999;-9999;-9999;-9999;-9999;30,1;21,3;31,2;29,7;21,7;-9999;62;54;59;-9999;-9999;-9999
27/12/2002;22:00;-9999;-9999;-9999;-9999;-9999;28,8;21,7;30,4;28,8;22;-9999;66;59;66;-9999;-9999;-9999
27/12/2002;23:00;-9999;-9999;-9999;-9999;-9999;27,6;22;28,8;27,6;22,4;-9999;73;66;71;-9999;-9999;-9999
28/12/2002;00:00;-9999;-9999;-9999;-9999;-9999;27,1;22;27,6;27,1;22,1;-9999;74;71;74;-9999;-9999;-9999
28/12/2002;01:00;-9999;-9999;-9999;-9999;-9999;25,7;22;27,1;25,7;22,3;-9999;81;73;80;-9999;-9999;-9999
28/12/2002;02:00;-9999;-9999;-9999;-9999;-9999;24,3;22,2;25,6;24,3;22,4;-9999;88;81;88;-9999;-9999;-9999
28/12/2002;03:00;-9999;-9999;-9999;-9999;-9999;24,3;21,9;24,4;24,1;22,2;-9999;88;86;86;-9999;-9999;-9999
28/12/2002;04:00;-9999;-9999;-9999;-9999;-9999;24,1;21,6;24,4;24,1;21,9;-9999;87;85;86;-9999;-9999;-9999
28/12/2002;05:00;-9999;-9999;-9999;-9999;-9999;23,6;21,8;24,1;23,6;21,9;-9999;89;86;89;-9999;-9999;-9999
28/12/2002;06:00;-9999;-9999;-9999;-9999;-9999;23,4;21,6;23,6;23,3;21,8;-9999;90;89;90;-9999;-9999;-9999
28/12/2002;07:00;-9999;-9999;-9999;-9999;-9999;23;21,8;23,4;23;21,9;-9999;93;90;93;-9999;-9999;-9999
28/12/2002;08:00;-9999;-9999;-9999;-9999;-9999;21,4;20,6;23;21,4;21,8;-9999;96;93;95;-9999;-9999;-9999
28/12/2002;09:00;-9999;-9999;-9999;-9999;-9999;21,2;20,5;21,4;20,9;20,6;-9999;96;95;96;-9999;-9999;-9999
28/12/2002;10:00;-9999;-9999;-9999;-9999;-9999;20,9;20,2;21,3;20,9;20,6;-9999;96;96;96;-9999;-9999;-9999
28/12/2002;11:00;-9999;-9999;-9999;-9999;-9999;20,4;19,7;20,9;20,4;20,2;-9999;96;96;96;-9999;-9999;-9999
28/12/2002;12:00;-9999;-9999;-9999;-9999;-9999;21,2;20,6;21,2;20,4;20,6;-9999;96;96;96;-9999;-9999;-9999
28/12/2002;13:00;-9999;-9999;-9999;-9999;-9999;22,6;21,5;22,6;21,2;21,6;-9999;96;93;93;-9999;-9999;-9999
28/12/2002;14:00;-9999;-9999;-9999;-9999;-9999;23,9;21,9;23,9;22,5;21,9;-9999;94;87;88;-9999;-9999;-9999
28/12/2002;15:00;-9999;-9999;-9999;-9999;-9999;25,3;21,7;25,3;23,9;22,3;-9999;89;81;81;-9999;-9999;-9999
28/12/2002;16:00;-9999;-9999;-9999;-9999;-9999;26,6;22,2;26,6;24,9;22,4;-9999;83;77;77;-9999;-9999;-9999
28/12/2002;17:00;-9999;-9999;-9999;-9999;-9999;27,5;21,8;27,8;26,5;22,7;-9999;79;70;71;-9999;-9999;-9999
28/12/2002;18:00;-9999;-9999;-9999;-9999;-9999;27,8;21,8;29;27;22,8;-9999;76;66;70;-9999;-9999;-9999
28/12/2002;19:00;-9999;-9999;-9999;-9999;-9999;27,8;21,7;28,2;27,3;22,4;-9999;73;66;70;-9999;-9999;-9999
28/12/2002;20:00;-9999;-9999;-9999;-9999;-9999;28,7;21,9;28,8;27,7;22,5;-9999;73;66;67;-9999;-9999;-9999
28/12/2002;21:00;-9999;-9999;-9999;-9999;-9999;27,8;22,2;28,7;27,8;22,7;-9999;73;66;72;-9999;-9999;-9999
28/12/2002;22:00;-9999;-9999;-9999;-9999;-9999;26,2;22,3;27,8;26,2;22,8;-9999;79;71;79;-9999;-9999;-9999
28/12/2002;23:00;-9999;-9999;-9999;-9999;-9999;25;21,5;26,2;25;22,5;-9999;81;79;81;-9999;-9999;-9999
29/12/2002;00:00;-9999;-9999;-9999;-9999;-9999;24,3;20,8;25;24,3;21,6;-9999;82;81;81;-9999;-9999;-9999
29/12/2002;01:00;-9999;-9999;-9999;-9999;-9999;23,9;21,1;24,3;23,8;21,2;-9999;86;81;84;-9999;-9999;-9999
29/12/2002;02:00;-9999;-9999;-9999;-9999;-9999;24;20,6;24,2;23,9;21,1;-9999;84;81;81;-9999;-9999;-9999
29/12/2002;03:00;-9999;-9999;-9999;-9999;-9999;23,2;20,9;24;23,2;20,9;-9999;87;81;87;-9999;-9999;-9999
29/12/2002;04:00;-9999;-9999;-9999;-9999;-9999;23;20,9;23,3;23;21;-9999;88;87;88;-9999;-9999;-9999
29/12/2002;05:00;-9999;-9999;-9999;-9999;-9999;22,9;20,6;23,2;22,9;20,9;-9999;88;86;87;-9999;-9999;-9999
29/12/2002;06:00;-9999;-9999;-9999;-9999;-9999;22,5;20,5;22,9;22,4;20,6;-9999;89;86;89;-9999;-9999;-9999
29/12/2002;07:00;-9999;-9999;-9999;-9999;-9999;22,1;20,6;22,5;22,1;20,6;-9999;91;89;91;-9999;-9999;-9999
29/12/2002;08:00;-9999;-9999;-9999;-9999;-9999;22,2;20,7;22,3;22,1;20,7;-9999;91;90;91;-9999;-9999;-9999
29/12/2002;09:00;-9999;-9999;-9999;-9999;-9999;22;20,8;22,4;22;20,8;-9999;93;90;92;-9999;-9999;-9999
29/12/2002;10:00;-9999;-9999;-9999;-9999;-9999;21,9;20,9;22;21,9;21;-9999;94;92;94;-9999;-9999;-9999
29/12/2002;11:00;-9999;-9999;-9999;-9999;-9999;21,4;20,6;21,9;21,3;20,8;-9999;95;94;95;-9999;-9999;-9999
29/12/2002;12:00;-9999;-9999;-9999;-9999;-9999;21,5;20,7;21,7;21,4;20,9;-9999;95;95;95;-9999;-9999;-9999
29/12/2002;13:00;-9999;-9999;-9999;-9999;-9999;21,9;20,9;21,9;21,5;20,9;-9999;95;94;94;-9999;-9999;-9999
29/12/2002;14:00;-9999;-9999;-9999;-9999;-9999;22,9;21,5;22,9;21,9;21,6;-9999;94;92;92;-9999;-9999;-9999
29/12/2002;15:00;-9999;-9999;-9999;-9999;-9999;23,8;22;23,8;22,9;22,1;-9999;92;89;90;-9999;-9999;-9999
29/12/2002;16:00;-9999;-9999;-9999;-9999;-9999;25,5;22,5;25,5;23,8;22,6;-9999;90;82;83;-9999;-9999;-9999
29/12/2002;17:00;-9999;-9999;-9999;-9999;-9999;27,2;23,1;27,2;25,4;23,1;-9999;84;77;79;-9999;-9999;-9999
29/12/2002;18:00;-9999;-9999;-9999;-9999;-9999;27,4;22,7;28,1;26,9;23,2;-9999;79;71;75;-9999;-9999;-9999
29/12/2002;19:00;-9999;-9999;-9999;-9999;-9999;26,7;22,5;27,7;26,7;22,9;-9999;78;73;78;-9999;-9999;-9999
29/12/2002;20:00;-9999;-9999;-9999;-9999;-9999;26,7;22,5;26,8;26,3;23,2;-9999;81;77;77;-9999;-9999;-9999
29/12/2002;21:00;-9999;-9999;-9999;-9999;-9999;26,6;22,8;26,9;26,5;23,2;-9999;81;76;80;-9999;-9999;-9999
29/12/2002;22:00;-9999;-9999;-9999;-9999;-9999;25,5;23;26,8;25,5;23,1;-9999;86;79;86;-9999;-9999;-9999
29/12/2002;23:00;-9999;-9999;-9999;-9999;-9999;25,2;23,1;25,5;25,2;23,1;-9999;88;85;88;-9999;-9999;-9999
30/12/2002;00:00;-9999;-9999;-9999;-9999;-9999;25;23;25,3;25;23,2;-9999;89;87;89;-9999;-9999;-9999
30/12/2002;01:00;-9999;-9999;-9999;-9999;-9999;23,7;21,6;25;23,7;23,1;-9999;90;83;88;-9999;-9999;-9999
30/12/2002;02:00;-9999;-9999;-9999;-9999;-9999;23,5;20,3;23,7;23,1;21,8;-9999;89;82;82;-9999;-9999;-9999
30/12/2002;03:00;-9999;-9999;-9999;-9999;-9999;23;21,5;23,5;22,9;21,5;-9999;91;82;91;-9999;-9999;-9999
30/12/2002;04:00;-9999;-9999;-9999;-9999;-9999;23,1;21,9;23,3;23;21,9;-9999;93;91;93;-9999;-9999;-9999
30/12/2002;05:00;-9999;-9999;-9999;-9999;-9999;21,2;20,4;23,1;21,1;21,9;-9999;95;93;95;-9999;-9999;-9999
30/12/2002;06:00;-9999;-9999;-9999;-9999;-9999;22;21,3;22;21,2;21,3;-9999;96;95;96;-9999;-9999;-9999
30/12/2002;07:00;-9999;-9999;-9999;-9999;-9999;22;21,3;22;21,9;21,3;-9999;96;95;96;-9999;-9999;-9999
30/12/2002;08:00;-9999;-9999;-9999;-9999;-9999;21,9;21,1;22,1;21,9;21,3;-9999;96;95;95;-9999;-9999;-9999
30/12/2002;09:00;-9999;-9999;-9999;-9999;-9999;21,9;21,1;22;21,9;21,1;-9999;95;95;95;-9999;-9999;-9999
30/12/2002;10:00;-9999;-9999;-9999;-9999;-9999;21,9;21;21,9;21,9;21,1;-9999;95;95;95;-9999;-9999;-9999
30/12/2002;11:00;-9999;-9999;-9999;-9999;-9999;22,1;21;22,1;21,8;21,1;-9999;95;94;94;-9999;-9999;-9999
30/12/2002;12:00;-9999;-9999;-9999;-9999;-9999;22,6;21,1;22,6;22,1;21,1;-9999;94;91;91;-9999;-9999;-9999
30/12/2002;13:00;-9999;-9999;-9999;-9999;-9999;22,6;21,2;23,2;22,5;21,4;-9999;92;88;92;-9999;-9999;-9999
30/12/2002;14:00;-9999;-9999;-9999;-9999;-9999;22,5;21,3;22,6;22,2;21,6;-9999;94;91;93;-9999;-9999;-9999
30/12/2002;15:00;-9999;-9999;-9999;-9999;-9999;23,5;22,3;23,5;22,2;22,3;-9999;94;92;93;-9999;-9999;-9999
30/12/2002;16:00;-9999;-9999;-9999;-9999;-9999;24,3;22,4;24,5;23,5;22,5;-9999;93;86;89;-9999;-9999;-9999
30/12/2002;17:00;-9999;-9999;-9999;-9999;-9999;25;22,6;25;24,1;22,8;-9999;91;86;87;-9999;-9999;-9999
30/12/2002;18:00;-9999;-9999;-9999;-9999;-9999;26,4;22,6;26,4;25;23,1;-9999;88;78;80;-9999;-9999;-9999
30/12/2002;19:00;-9999;-9999;-9999;-9999;-9999;26,5;21,8;26,6;26,3;22,5;-9999;79;75;76;-9999;-9999;-9999
30/12/2002;20:00;-9999;-9999;-9999;-9999;-9999;26,9;22,5;26,9;26,5;22,5;-9999;78;74;76;-9999;-9999;-9999
30/12/2002;21:00;-9999;-9999;-9999;-9999;-9999;26,4;22,2;27,4;26,3;22,7;-9999;79;74;78;-9999;-9999;-9999
30/12/2002;22:00;-9999;-9999;-9999;-9999;-9999;23,1;21,3;26,6;23,1;22,6;-9999;90;76;90;-9999;-9999;-9999
30/12/2002;23:00;-9999;-9999;-9999;-9999;-9999;22,4;21,2;23,1;22,3;21,6;-9999;94;90;93;-9999;-9999;-9999
31/12/2002;00:00;-9999;-9999;-9999;-9999;-9999;22,4;21,3;22,5;22,4;21,3;-9999;93;92;93;-9999;-9999;-9999
31/12/2002;01:00;-9999;-9999;-9999;-9999;-9999;22,5;21,4;22,5;22,4;21,4;-9999;94;93;94;-9999;-9999;-9999
31/12/2002;02:00;-9999;-9999;-9999;-9999;-9999;22,4;21,3;22,5;22,3;21,4;-9999;94;93;94;-9999;-9999;-9999
31/12/2002;03:00;-9999;-9999;-9999;-9999;-9999;22,4;21,3;22,4;22,3;21,4;-9999;94;93;94;-9999;-9999;-9999
31/12/2002;04:00;-9999;-9999;-9999;-9999;-9999;22,2;21,2;22,4;22,2;21,3;-9999;94;93;94;-9999;-9999;-9999
31/12/2002;05:00;-9999;-9999;-9999;-9999;-9999;22,1;20,9;22,2;22,1;21,3;-9999;95;92;92;-9999;-9999;-9999
31/12/2002;06:00;-9999;-9999;-9999;-9999;-9999;21,6;20,4;22,1;21,6;20,8;-9999;93;92;93;-9999;-9999;-9999
31/12/2002;07:00;-9999;-9999;-9999;-9999;-9999;21,5;20,7;21,7;21,1;20,7;-9999;95;91;95;-9999;-9999;-9999
31/12/2002;08:00;-9999;-9999;-9999;-9999;-9999;21,8;20,7;21,8;21,5;21;-9999;95;94;94;-9999;-9999;-9999
31/12/2002;09:00;-9999;-9999;-9999;-9999;-9999;21,4;20,6;21,8;21,4;20,8;-9999;95;94;95;-9999;-9999;-9999
31/12/2002;10:00;-9999;-9999;-9999;-9999;-9999;21,6;20,9;21,6;21,4;20,9;-9999;95;95;95;-9999;-9999;-9999
31/12/2002;11:00;-9999;-9999;-9999;-9999;-9999;22,2;21,1;22,2;21,6;21,1;-9999;95;94;94;-9999;-9999;-9999
31/12/2002;12:00;-9999;-9999;-9999;-9999;-9999;23,1;21,6;23,1;22,2;21,6;-9999;94;91;91;-9999;-9999;-9999
31/12/2002;13:00;-9999;-9999;-9999;-9999;-9999;24,3;21,6;24,4;23,1;22,1;-9999;91;83;85;-9999;-9999;-9999
31/12/2002;14:00;-9999;-9999;-9999;-9999;-9999;25,8;21,3;26;24,3;22,1;-9999;87;76;76;-9999;-9999;-9999
31/12/2002;15:00;-9999;-9999;-9999;-9999;-9999;25,6;22,1;25,9;25,4;22,2;-9999;81;76;81;-9999;-9999;-9999
31/12/2002;16:00;-9999;-9999;-9999;-9999;-9999;27,3;22,2;27,3;25,6;23;-9999;81;73;74;-9999;-9999;-9999
31/12/2002;17:00;-9999;-9999;-9999;-9999;-9999;27,6;22,1;27,8;26,7;22,6;-9999;76;68;72;-9999;-9999;-9999
31/12/2002;18:00;-9999;-9999;-9999;-9999;-9999;28,5;21,6;29,7;27,5;22,8;-9999;72;62;66;-9999;-9999;-9999
31/12/2002;19:00;-9999;-9999;-9999;-9999;-9999;27,2;22,6;29,6;27,2;22,6;-9999;76;63;76;-9999;-9999;-9999
31/12/2002;20:00;-9999;-9999;-9999;-9999;-9999;25,4;22,3;27,2;23,8;23;-9999;92;76;83;-9999;-9999;-9999
31/12/2002;21:00;-9999;-9999;-9999;-9999;-9999;24,8;21,3;26,8;24,8;23,6;-9999;85;77;81;-9999;-9999;-9999
31/12/2002;22:00;-9999;-9999;-9999;-9999;-9999;24,1;21,3;24,8;24,1;21,6;-9999;86;81;85;-9999;-9999;-9999
31/12/2002;23:00;-9999;-9999;-9999;-9999;-9999;23,8;21,8;24,1;23,8;21,9;-9999;89;83;89;-9999;-9999;-9999
