DATA;HORA;RADIACAO;TEMPERATURA
01/01/2025;0000 UTC;;27
01/01/2025;0100 UTC;;25.8
01/01/2025;0200 UTC;;26
01/01/2025;0300 UTC;;25.9
01/01/2025;0400 UTC;;25.5
01/01/2025;0500 UTC;;25.3
01/01/2025;0600 UTC;;25.1
01/01/2025;0700 UTC;;25.2
01/01/2025;0800 UTC;;25
01/01/2025;0900 UTC;;23.9
01/01/2025;1000 UTC;53.4;23.7
01/01/2025;1100 UTC;615.3;24.3
01/01/2025;1200 UTC;1050;24.9
01/01/2025;1300 UTC;1005.8;26.4
01/01/2025;1400 UTC;2547;28.9
01/01/2025;1500 UTC;3235.8;29.4
01/01/2025;1600 UTC;2399.2;31
01/01/2025;1700 UTC;1469.8;29.7
01/01/2025;1800 UTC;;
01/01/2025;1900 UTC;156.5;23.3
01/01/2025;2000 UTC;169.6;24.2
01/01/2025;2100 UTC;213.3;24.5
01/01/2025;2200 UTC;137.1;24.5
01/01/2025;2300 UTC;1.2;24.1
02/01/2025;0000 UTC;;24
02/01/2025;0100 UTC;;23.9
02/01/2025;0200 UTC;;24.4
02/01/2025;0300 UTC;;23.9
02/01/2025;0400 UTC;;23.6
02/01/2025;0500 UTC;;23.3
02/01/2025;0600 UTC;;23.1
02/01/2025;0700 UTC;;23
02/01/2025;0800 UTC;;23.1
02/01/2025;0900 UTC;;23.1
02/01/2025;1000 UTC;24.1;23.3
02/01/2025;1100 UTC;256.8;24
02/01/2025;1200 UTC;305;23.8
02/01/2025;1300 UTC;577.9;24
02/01/2025;1400 UTC;612.7;21.6
02/01/2025;1500 UTC;721.4;22.1
02/01/2025;1600 UTC;742.2;22.4
02/01/2025;1700 UTC;1012;22.7
02/01/2025;1800 UTC;1251;24.1
02/01/2025;1900 UTC;2023.5;26.1
02/01/2025;2000 UTC;1019.6;26.4
02/01/2025;2100 UTC;505.3;25.8
02/01/2025;2200 UTC;153;25.1
02/01/2025;2300 UTC;;24.4
03/01/2025;0000 UTC;;23.8
03/01/2025;0100 UTC;;23.2
03/01/2025;0200 UTC;;22.8
03/01/2025;0300 UTC;;23.1
03/01/2025;0400 UTC;;23.1
03/01/2025;0500 UTC;;22.8
03/01/2025;0600 UTC;;22.8
03/01/2025;0700 UTC;;22.7
03/01/2025;0800 UTC;;22.5
03/01/2025;0900 UTC;;22.4
03/01/2025;1000 UTC;31.4;22.3
03/01/2025;1100 UTC;296.3;23.1
03/01/2025;1200 UTC;670.8;24.3
03/01/2025;1300 UTC;1030.3;25.6
03/01/2025;1400 UTC;1767.1;27.3
03/01/2025;1500 UTC;2326.1;28.6
03/01/2025;1600 UTC;2607;29.4
03/01/2025;1700 UTC;2541.4;30.9
03/01/2025;1800 UTC;2686.1;31.4
03/01/2025;1900 UTC;1870.4;31
03/01/2025;2000 UTC;1181.4;29.4
03/01/2025;2100 UTC;192.9;28.1
03/01/2025;2200 UTC;141.4;27.8
03/01/2025;2300 UTC;0.4;26.4
04/01/2025;0000 UTC;;25.8
04/01/2025;0100 UTC;;25.5
04/01/2025;0200 UTC;;24.9
04/01/2025;0300 UTC;;24.9
04/01/2025;0400 UTC;;24.6
04/01/2025;0500 UTC;;24.4
04/01/2025;0600 UTC;;23.9
04/01/2025;0700 UTC;;23.6
04/01/2025;0800 UTC;;23.5
04/01/2025;0900 UTC;;23.1
04/01/2025;1000 UTC;74.9;23.8
04/01/2025;1100 UTC;408.6;24.5
04/01/2025;1200 UTC;813;25.9
04/01/2025;1300 UTC;1629.9;27.9
04/01/2025;1400 UTC;2463.2;27.9
04/01/2025;1500 UTC;2243.9;29.4
04/01/2025;1600 UTC;2131.5;30
04/01/2025;1700 UTC;2032;29.8
04/01/2025;1800 UTC;2630;32
04/01/2025;1900 UTC;1215.7;28.2
04/01/2025;2000 UTC;412.2;25.1
04/01/2025;2100 UTC;308.1;25
04/01/2025;2200 UTC;133.3;24.9
04/01/2025;2300 UTC;2.7;25
05/01/2025;0000 UTC;;23.5
05/01/2025;0100 UTC;;23.7
05/01/2025;0200 UTC;;23.2
05/01/2025;0300 UTC;;23.4
05/01/2025;0400 UTC;;23.5
05/01/2025;0500 UTC;0.1;23
05/01/2025;0600 UTC;;22.7
05/01/2025;0700 UTC;;22.2
05/01/2025;0800 UTC;;22
05/01/2025;0900 UTC;;22
05/01/2025;1000 UTC;52.4;22
05/01/2025;1100 UTC;417.8;22.7
05/01/2025;1200 UTC;1109.4;25.1
05/01/2025;1300 UTC;2005.5;26.5
05/01/2025;1400 UTC;2835.4;27.6
05/01/2025;1500 UTC;3542.3;29
05/01/2025;1600 UTC;3297.9;29.6
05/01/2025;1700 UTC;3093;29.7
05/01/2025;1800 UTC;2529.9;31
05/01/2025;1900 UTC;785.4;24.8
05/01/2025;2000 UTC;469.4;25
05/01/2025;2100 UTC;196.8;24.3
05/01/2025;2200 UTC;134;24.5
05/01/2025;2300 UTC;0.4;24.6
06/01/2025;0000 UTC;;24.5
06/01/2025;0100 UTC;;24.7
06/01/2025;0200 UTC;;24
06/01/2025;0300 UTC;;24.3
06/01/2025;0400 UTC;;24.3
06/01/2025;0500 UTC;;23.9
06/01/2025;0600 UTC;;23.9
06/01/2025;0700 UTC;;23.8
06/01/2025;0800 UTC;;23.2
06/01/2025;0900 UTC;;23
06/01/2025;1000 UTC;28.3;23
06/01/2025;1100 UTC;219.1;23.4
06/01/2025;1200 UTC;594.8;24
06/01/2025;1300 UTC;867.9;25.1
06/01/2025;1400 UTC;1135.7;25.9
06/01/2025;1500 UTC;2292.8;27.7
06/01/2025;1600 UTC;2853.9;28.7
06/01/2025;1700 UTC;2727.1;29.9
06/01/2025;1800 UTC;2929.6;30.9
06/01/2025;1900 UTC;1960.5;30.5
06/01/2025;2000 UTC;1524.7;28.2
06/01/2025;2100 UTC;1312.1;26.3
06/01/2025;2200 UTC;365.3;26.1
06/01/2025;2300 UTC;2.9;25.6
07/01/2025;0000 UTC;;25.2
07/01/2025;0100 UTC;;25.1
07/01/2025;0200 UTC;;24.8
07/01/2025;0300 UTC;;24.7
07/01/2025;0400 UTC;;24.3
07/01/2025;0500 UTC;;24
07/01/2025;0600 UTC;;23.8
07/01/2025;0700 UTC;;23.6
07/01/2025;0800 UTC;;23.4
07/01/2025;0900 UTC;;23.3
07/01/2025;1000 UTC;39.2;23.3
07/01/2025;1100 UTC;428.5;24.8
07/01/2025;1200 UTC;1127.1;27
07/01/2025;1300 UTC;1926.4;28.1
07/01/2025;1400 UTC;1950.7;28.6
07/01/2025;1500 UTC;2171.6;30.9
07/01/2025;1600 UTC;1406.6;23.2
07/01/2025;1700 UTC;811.1;25.6
07/01/2025;1800 UTC;2892.3;26.2
07/01/2025;1900 UTC;1410.2;26.9
07/01/2025;2000 UTC;962.6;27
07/01/2025;2100 UTC;265;25.4
07/01/2025;2200 UTC;117.5;24.8
07/01/2025;2300 UTC;0.4;23.9
08/01/2025;0000 UTC;;23.7
08/01/2025;0100 UTC;;23.7
08/01/2025;0200 UTC;;23.7
08/01/2025;0300 UTC;;23.6
08/01/2025;0400 UTC;;23.2
08/01/2025;0500 UTC;;22.7
08/01/2025;0600 UTC;;22.6
08/01/2025;0700 UTC;;22.6
08/01/2025;0800 UTC;;22.6
08/01/2025;0900 UTC;;22.7
08/01/2025;1000 UTC;57.5;23.1
08/01/2025;1100 UTC;632;24.4
08/01/2025;1200 UTC;999.7;25.9
08/01/2025;1300 UTC;1523.5;26.4
08/01/2025;1400 UTC;1996.2;28
08/01/2025;1500 UTC;1812.1;27.2
08/01/2025;1600 UTC;1708.7;25.2
08/01/2025;1700 UTC;2955.7;28.1
08/01/2025;1800 UTC;2819.8;28.7
08/01/2025;1900 UTC;836.4;24.8
08/01/2025;2000 UTC;1548.5;27.1
08/01/2025;2100 UTC;574.7;26.4
08/01/2025;2200 UTC;141.2;26.3
08/01/2025;2300 UTC;;23.9
09/01/2025;0000 UTC;;23.9
09/01/2025;0100 UTC;;23.3
09/01/2025;0200 UTC;;23.3
09/01/2025;0300 UTC;;23.2
09/01/2025;0400 UTC;;23.1
09/01/2025;0500 UTC;;22.8
09/01/2025;0600 UTC;;22.7
09/01/2025;0700 UTC;;22.6
09/01/2025;0800 UTC;0;22.4
09/01/2025;0900 UTC;;22.2
09/01/2025;1000 UTC;14.1;22.2
09/01/2025;1100 UTC;132.9;22.6
09/01/2025;1200 UTC;323.1;23
09/01/2025;1300 UTC;547.5;23.8
09/01/2025;1400 UTC;843.1;25
09/01/2025;1500 UTC;1677.3;26.6
09/01/2025;1600 UTC;1631.2;27.5
09/01/2025;1700 UTC;2005.2;27.7
09/01/2025;1800 UTC;1191.9;25.1
09/01/2025;1900 UTC;1434.7;26.4
09/01/2025;2000 UTC;918.4;25.8
09/01/2025;2100 UTC;771.1;26.9
09/01/2025;2200 UTC;184.5;26.5
09/01/2025;2300 UTC;;25.6
10/01/2025;0000 UTC;;24.8
10/01/2025;0100 UTC;;24.3
10/01/2025;0200 UTC;;23.1
10/01/2025;0300 UTC;;22.6
10/01/2025;0400 UTC;;22.9
10/01/2025;0500 UTC;;22.8
10/01/2025;0600 UTC;;22.4
10/01/2025;0700 UTC;;22.1
10/01/2025;0800 UTC;;22
10/01/2025;0900 UTC;;21.9
10/01/2025;1000 UTC;12;22.1
10/01/2025;1100 UTC;157.8;22.6
10/01/2025;1200 UTC;431.2;22.9
10/01/2025;1300 UTC;430.1;22.3
10/01/2025;1400 UTC;543.9;22.5
10/01/2025;1500 UTC;780.1;23.4
10/01/2025;1600 UTC;838.3;23.9
10/01/2025;1700 UTC;1307.6;24.8
10/01/2025;1800 UTC;1059.6;24.1
10/01/2025;1900 UTC;639.2;23.5
10/01/2025;2000 UTC;481.1;24.3
10/01/2025;2100 UTC;578.5;24.6
10/01/2025;2200 UTC;238.8;24.4
10/01/2025;2300 UTC;4.3;24
11/01/2025;0000 UTC;;23.5
11/01/2025;0100 UTC;;23.4
11/01/2025;0200 UTC;;23.3
11/01/2025;0300 UTC;;23.4
11/01/2025;0400 UTC;;23.3
11/01/2025;0500 UTC;;23.4
11/01/2025;0600 UTC;;23.3
11/01/2025;0700 UTC;;23.1
11/01/2025;0800 UTC;;23.1
11/01/2025;0900 UTC;;22.8
11/01/2025;1000 UTC;;
11/01/2025;1100 UTC;224.3;23.2
11/01/2025;1200 UTC;404.1;24
11/01/2025;1300 UTC;711.2;24.9
11/01/2025;1400 UTC;1081;26.2
11/01/2025;1500 UTC;1585.9;27.1
11/01/2025;1600 UTC;1577.6;27.4
11/01/2025;1700 UTC;755.8;25.7
11/01/2025;1800 UTC;262.4;24.3
11/01/2025;1900 UTC;537.7;25
11/01/2025;2000 UTC;493.4;23.6
11/01/2025;2100 UTC;350.5;23.3
11/01/2025;2200 UTC;68.3;23
11/01/2025;2300 UTC;;22.9
12/01/2025;0000 UTC;;23.2
12/01/2025;0100 UTC;;23.1
12/01/2025;0200 UTC;;22.9
12/01/2025;0300 UTC;;22.8
12/01/2025;0400 UTC;;22.5
12/01/2025;0500 UTC;;22.1
12/01/2025;0600 UTC;;22
12/01/2025;0700 UTC;;22
12/01/2025;0800 UTC;;21.8
12/01/2025;0900 UTC;;21.7
12/01/2025;1000 UTC;56.6;21.9
12/01/2025;1100 UTC;577.8;23.5
12/01/2025;1200 UTC;746.1;24.3
12/01/2025;1300 UTC;1605.7;26.3
12/01/2025;1400 UTC;2415.3;27.4
12/01/2025;1500 UTC;2842.9;29.7
12/01/2025;1600 UTC;1489.3;25.8
12/01/2025;1700 UTC;348.3;24.5
12/01/2025;1800 UTC;1344.3;26.7
12/01/2025;1900 UTC;798.5;26.3
12/01/2025;2000 UTC;557.4;24.8
12/01/2025;2100 UTC;393.8;24.3
12/01/2025;2200 UTC;99.1;23.7
12/01/2025;2300 UTC;;23.5
13/01/2025;0000 UTC;;23.4
13/01/2025;0100 UTC;;23.3
13/01/2025;0200 UTC;;23.3
13/01/2025;0300 UTC;;23.4
13/01/2025;0400 UTC;;23
13/01/2025;0500 UTC;;22.6
13/01/2025;0600 UTC;;22.1
13/01/2025;0700 UTC;;21.7
13/01/2025;0800 UTC;;21.6
13/01/2025;0900 UTC;;21.7
13/01/2025;1000 UTC;22.2;21.9
13/01/2025;1100 UTC;266.9;22.6
13/01/2025;1200 UTC;776.4;23.8
13/01/2025;1300 UTC;1118.4;25.1
13/01/2025;1400 UTC;1173.2;26.1
13/01/2025;1500 UTC;1698.7;27.5
13/01/2025;1600 UTC;2368.6;29.2
13/01/2025;1700 UTC;2474.9;29.8
13/01/2025;1800 UTC;2433.1;28.3
13/01/2025;1900 UTC;570.1;22.9
13/01/2025;2000 UTC;281.1;24.2
13/01/2025;2100 UTC;254.4;24.6
13/01/2025;2200 UTC;141.4;23.5
13/01/2025;2300 UTC;8.3;22.9
14/01/2025;0000 UTC;;23.1
14/01/2025;0100 UTC;;23
14/01/2025;0200 UTC;;23
14/01/2025;0300 UTC;;22.7
14/01/2025;0400 UTC;0.5;22.7
14/01/2025;0500 UTC;1.1;22.6
14/01/2025;0600 UTC;2;22.5
14/01/2025;0700 UTC;;22.3
14/01/2025;0800 UTC;;22.2
14/01/2025;0900 UTC;;22.3
14/01/2025;1000 UTC;7.5;22.2
14/01/2025;1100 UTC;116.6;22.5
14/01/2025;1200 UTC;332.3;22.9
14/01/2025;1300 UTC;628.9;23.8
14/01/2025;1400 UTC;767.9;23.8
14/01/2025;1500 UTC;914;23.7
14/01/2025;1600 UTC;1571;25.2
14/01/2025;1700 UTC;1055.8;24.8
14/01/2025;1800 UTC;1766.5;25.6
14/01/2025;1900 UTC;1968.1;26.5
14/01/2025;2000 UTC;1075.7;26
14/01/2025;2100 UTC;352.7;23.8
14/01/2025;2200 UTC;98.8;22.8
14/01/2025;2300 UTC;2.9;22.9
15/01/2025;0000 UTC;;22.8
15/01/2025;0100 UTC;;22.6
15/01/2025;0200 UTC;;22.6
15/01/2025;0300 UTC;;22.2
15/01/2025;0400 UTC;;21.5
15/01/2025;0500 UTC;;21.6
15/01/2025;0600 UTC;;21.7
15/01/2025;0700 UTC;;21.8
15/01/2025;0800 UTC;;21.8
15/01/2025;0900 UTC;;21.8
15/01/2025;1000 UTC;6.1;21.8
15/01/2025;1100 UTC;98.7;21.9
15/01/2025;1200 UTC;376.8;22.4
15/01/2025;1300 UTC;802.2;23.3
15/01/2025;1400 UTC;1072.2;24.5
15/01/2025;1500 UTC;1752;27
15/01/2025;1600 UTC;2496;27.7
15/01/2025;1700 UTC;2391.9;27.8
15/01/2025;1800 UTC;2594.7;29.6
15/01/2025;1900 UTC;1316.8;28.8
15/01/2025;2000 UTC;986.1;28.6
15/01/2025;2100 UTC;417.8;28.5
15/01/2025;2200 UTC;243.5;26.6
15/01/2025;2300 UTC;9.7;24.1
16/01/2025;0000 UTC;;23.8
16/01/2025;0100 UTC;;24
16/01/2025;0200 UTC;;23.7
16/01/2025;0300 UTC;;23.3
16/01/2025;0400 UTC;;23.5
16/01/2025;0500 UTC;;23.3
16/01/2025;0600 UTC;;23.2
16/01/2025;0700 UTC;;23.1
16/01/2025;0800 UTC;;22.8
16/01/2025;0900 UTC;;22.7
16/01/2025;1000 UTC;18.6;22.7
16/01/2025;1100 UTC;184.5;23.1
16/01/2025;1200 UTC;399;23.7
16/01/2025;1300 UTC;657.5;24.3
16/01/2025;1400 UTC;788.5;24.9
16/01/2025;1500 UTC;805.4;25.1
16/01/2025;1600 UTC;1195;26.6
16/01/2025;1700 UTC;1301.6;27.2
16/01/2025;1800 UTC;927.8;26.9
16/01/2025;1900 UTC;1551.9;28
16/01/2025;2000 UTC;1016.4;27
16/01/2025;2100 UTC;569;26.4
16/01/2025;2200 UTC;168.4;25.2
16/01/2025;2300 UTC;0.2;24.6
17/01/2025;0000 UTC;;24.1
17/01/2025;0100 UTC;;23.8
17/01/2025;0200 UTC;;23.5
17/01/2025;0300 UTC;;23.3
17/01/2025;0400 UTC;;23.1
17/01/2025;0500 UTC;;23.1
17/01/2025;0600 UTC;;23.1
17/01/2025;0700 UTC;;22.9
17/01/2025;0800 UTC;;22.9
17/01/2025;0900 UTC;;22.6
17/01/2025;1000 UTC;13.5;22.7
17/01/2025;1100 UTC;164.4;23.3
17/01/2025;1200 UTC;300.6;23.6
17/01/2025;1300 UTC;281.5;23.6
17/01/2025;1400 UTC;1234.9;25.3
17/01/2025;1500 UTC;1304.8;26.3
17/01/2025;1600 UTC;790.1;24.8
17/01/2025;1700 UTC;2374.2;27.8
17/01/2025;1800 UTC;2290.2;28.6
17/01/2025;1900 UTC;1836;27
17/01/2025;2000 UTC;1155;27
17/01/2025;2100 UTC;772;26.5
17/01/2025;2200 UTC;220.4;25.9
17/01/2025;2300 UTC;4.5;25
18/01/2025;0000 UTC;;24.7
18/01/2025;0100 UTC;;24.5
18/01/2025;0200 UTC;;24.1
18/01/2025;0300 UTC;;23.7
18/01/2025;0400 UTC;;23.4
18/01/2025;0500 UTC;;23.1
18/01/2025;0600 UTC;;22.7
18/01/2025;0700 UTC;;22.5
18/01/2025;0800 UTC;;22.4
18/01/2025;0900 UTC;;22.2
18/01/2025;1000 UTC;9.8;22.2
18/01/2025;1100 UTC;100.3;22.4
18/01/2025;1200 UTC;365;23.1
18/01/2025;1300 UTC;602.7;24
18/01/2025;1400 UTC;1030.2;25.5
18/01/2025;1500 UTC;1015.9;25.9
18/01/2025;1600 UTC;1092.2;25.8
18/01/2025;1700 UTC;1388.5;27.4
18/01/2025;1800 UTC;1817.6;26.2
18/01/2025;1900 UTC;2683.6;28.2
18/01/2025;2000 UTC;2303.8;28.3
18/01/2025;2100 UTC;1070.8;26.5
18/01/2025;2200 UTC;208.8;26.3
18/01/2025;2300 UTC;0.9;24.7
19/01/2025;0000 UTC;;24.2
19/01/2025;0100 UTC;;23.5
19/01/2025;0200 UTC;;23.4
19/01/2025;0300 UTC;;23.2
19/01/2025;0400 UTC;;22.8
19/01/2025;0500 UTC;;22.4
19/01/2025;0600 UTC;;22
19/01/2025;0700 UTC;;22.1
19/01/2025;0800 UTC;;22.1
19/01/2025;0900 UTC;;22
19/01/2025;1000 UTC;10.1;21.8
19/01/2025;1100 UTC;208.2;21.9
19/01/2025;1200 UTC;537.2;22.6
19/01/2025;1300 UTC;534.4;23.6
19/01/2025;1400 UTC;1057.6;24.5
19/01/2025;1500 UTC;1708.8;26.3
19/01/2025;1600 UTC;2189.8;27.5
19/01/2025;1700 UTC;2969.7;27.5
19/01/2025;1800 UTC;2672.4;28.7
19/01/2025;1900 UTC;1831.5;24.7
19/01/2025;2000 UTC;1497.2;26.9
19/01/2025;2100 UTC;658.2;26.2
19/01/2025;2200 UTC;228.6;25.8
19/01/2025;2300 UTC;5.5;24.9
20/01/2025;0000 UTC;;24.1
20/01/2025;0100 UTC;;23.6
20/01/2025;0200 UTC;;23.2
20/01/2025;0300 UTC;;22.5
20/01/2025;0400 UTC;;21.9
20/01/2025;0500 UTC;;22.1
20/01/2025;0600 UTC;;21.7
20/01/2025;0700 UTC;;21.3
20/01/2025;0800 UTC;;21.2
20/01/2025;0900 UTC;;21.4
20/01/2025;1000 UTC;64.9;22.2
20/01/2025;1100 UTC;603.5;23.2
20/01/2025;1200 UTC;650.2;23.8
20/01/2025;1300 UTC;1719.4;26.3
20/01/2025;1400 UTC;1880.3;26.8
20/01/2025;1500 UTC;2372.5;28.6
20/01/2025;1600 UTC;1508.8;24.7
20/01/2025;1700 UTC;2041;28
20/01/2025;1800 UTC;3112.8;28
20/01/2025;1900 UTC;816.1;23.9
20/01/2025;2000 UTC;1498.1;24.5
20/01/2025;2100 UTC;589.4;24.8
20/01/2025;2200 UTC;178.7;24.2
20/01/2025;2300 UTC;2;23.2
21/01/2025;0000 UTC;;22.6
21/01/2025;0100 UTC;;22.4
21/01/2025;0200 UTC;;22.3
21/01/2025;0300 UTC;;22.3
21/01/2025;0400 UTC;;22.1
21/01/2025;0500 UTC;;21.7
21/01/2025;0600 UTC;;21.6
21/01/2025;0700 UTC;;21.3
21/01/2025;0800 UTC;;21.2
21/01/2025;0900 UTC;;21.3
21/01/2025;1000 UTC;31.7;21.4
21/01/2025;1100 UTC;253.2;22.1
21/01/2025;1200 UTC;540.9;23.5
21/01/2025;1300 UTC;1298.4;25
21/01/2025;1400 UTC;1269.5;26.3
21/01/2025;1500 UTC;2842.1;28.8
21/01/2025;1600 UTC;2869.6;28.7
21/01/2025;1700 UTC;1954.1;27.3
21/01/2025;1800 UTC;653.1;26.4
21/01/2025;1900 UTC;649.2;26.8
21/01/2025;2000 UTC;931.8;28.5
21/01/2025;2100 UTC;457.5;25.3
21/01/2025;2200 UTC;158.8;25.4
21/01/2025;2300 UTC;1.7;23.6
22/01/2025;0000 UTC;;23.6
22/01/2025;0100 UTC;;23.4
22/01/2025;0200 UTC;;23.2
22/01/2025;0300 UTC;;22.8
22/01/2025;0400 UTC;;22.9
22/01/2025;0500 UTC;;23
22/01/2025;0600 UTC;;22.8
22/01/2025;0700 UTC;;22.2
22/01/2025;0800 UTC;;22.2
22/01/2025;0900 UTC;;22.3
22/01/2025;1000 UTC;17.7;22.4
22/01/2025;1100 UTC;290.1;23.5
22/01/2025;1200 UTC;1266.3;26.2
22/01/2025;1300 UTC;2189.1;28.5
22/01/2025;1400 UTC;2761.9;29.8
22/01/2025;1500 UTC;3301.3;31.1
22/01/2025;1600 UTC;2662.5;31.3
22/01/2025;1700 UTC;3324.5;31.6
22/01/2025;1800 UTC;3280.4;33
22/01/2025;1900 UTC;2070.1;32.1
22/01/2025;2000 UTC;459.6;26.9
22/01/2025;2100 UTC;101.4;23
22/01/2025;2200 UTC;9.1;22.3
22/01/2025;2300 UTC;0.1;21.8
23/01/2025;0000 UTC;;22.2
23/01/2025;0100 UTC;;22.2
23/01/2025;0200 UTC;;21.8
23/01/2025;0300 UTC;;22
23/01/2025;0400 UTC;;21.5
23/01/2025;0500 UTC;;21.3
23/01/2025;0600 UTC;;21.2
23/01/2025;0700 UTC;;21.1
23/01/2025;0800 UTC;;21
23/01/2025;0900 UTC;;21
23/01/2025;1000 UTC;18;21.1
23/01/2025;1100 UTC;330.7;21.4
23/01/2025;1200 UTC;712;22.5
23/01/2025;1300 UTC;1230;23.9
23/01/2025;1400 UTC;1856;25.6
23/01/2025;1500 UTC;2360.6;27.8
23/01/2025;1600 UTC;3493;29.2
23/01/2025;1700 UTC;3031.2;30.2
23/01/2025;1800 UTC;1675.6;30.1
23/01/2025;1900 UTC;2586.8;32.9
23/01/2025;2000 UTC;2127.9;31.3
23/01/2025;2100 UTC;733.4;31.6
23/01/2025;2200 UTC;436;29.8
23/01/2025;2300 UTC;3.4;28.3
24/01/2025;0000 UTC;;27.2
24/01/2025;0100 UTC;;26.4
24/01/2025;0200 UTC;;25.6
24/01/2025;0300 UTC;;25.2
24/01/2025;0400 UTC;;24.9
24/01/2025;0500 UTC;;24.2
24/01/2025;0600 UTC;;23.8
24/01/2025;0700 UTC;;23.4
24/01/2025;0800 UTC;;23.4
24/01/2025;0900 UTC;;23.4
24/01/2025;1000 UTC;39.3;23.6
24/01/2025;1100 UTC;623.6;25.9
24/01/2025;1200 UTC;1411.5;29
24/01/2025;1300 UTC;2173.1;30.5
24/01/2025;1400 UTC;2234;31.6
24/01/2025;1500 UTC;3325.7;32.4
24/01/2025;1600 UTC;3661.7;33.3
24/01/2025;1700 UTC;2563.9;32.2
24/01/2025;1800 UTC;705;24.9
24/01/2025;1900 UTC;2123.3;32.1
24/01/2025;2000 UTC;2118.5;32.9
24/01/2025;2100 UTC;1383.2;31.9
24/01/2025;2200 UTC;288.8;26.7
24/01/2025;2300 UTC;5.2;26.6
25/01/2025;0000 UTC;;25.7
25/01/2025;0100 UTC;;24.4
25/01/2025;0200 UTC;;24.3
25/01/2025;0300 UTC;;24.2
25/01/2025;0400 UTC;;23.8
25/01/2025;0500 UTC;;23.4
25/01/2025;0600 UTC;;23.6
25/01/2025;0700 UTC;;23.4
25/01/2025;0800 UTC;;23.4
25/01/2025;0900 UTC;;22.8
25/01/2025;1000 UTC;46;23.4
25/01/2025;1100 UTC;424.3;24
25/01/2025;1200 UTC;1244.7;25.9
25/01/2025;1300 UTC;1987;27.4
25/01/2025;1400 UTC;2923.7;29.7
25/01/2025;1500 UTC;;
25/01/2025;1600 UTC;3115.5;32.6
25/01/2025;1700 UTC;3395.9;33.3
25/01/2025;1800 UTC;3698.3;33.1
25/01/2025;1900 UTC;2816.1;32.5
25/01/2025;2000 UTC;2169.8;32.6
25/01/2025;2100 UTC;901.8;30.6
25/01/2025;2200 UTC;213.7;29.7
25/01/2025;2300 UTC;2.9;28
26/01/2025;0000 UTC;;26.4
26/01/2025;0100 UTC;;25.5
26/01/2025;0200 UTC;;24.8
26/01/2025;0300 UTC;;24.4
26/01/2025;0400 UTC;;24.2
26/01/2025;0500 UTC;;23.7
26/01/2025;0600 UTC;;23.2
26/01/2025;0700 UTC;;23.1
26/01/2025;0800 UTC;;
26/01/2025;0900 UTC;;22.2
26/01/2025;1000 UTC;32.7;23
26/01/2025;1100 UTC;483.2;25
26/01/2025;1200 UTC;1325.1;26.7
26/01/2025;1300 UTC;1895.4;29
26/01/2025;1400 UTC;2717;29.8
26/01/2025;1500 UTC;2963.7;31.3
26/01/2025;1600 UTC;2660.2;31.3
26/01/2025;1700 UTC;2093.3;32.4
26/01/2025;1800 UTC;3244.8;32.6
26/01/2025;1900 UTC;2636.2;32.8
26/01/2025;2000 UTC;1196.8;31.5
26/01/2025;2100 UTC;698.8;32
26/01/2025;2200 UTC;549.8;31.6
26/01/2025;2300 UTC;12.9;30.4
27/01/2025;0000 UTC;;28.7
27/01/2025;0100 UTC;;28.2
27/01/2025;0200 UTC;;27.2
27/01/2025;0300 UTC;;26.4
27/01/2025;0400 UTC;;26.1
27/01/2025;0500 UTC;;25.3
27/01/2025;0600 UTC;;23.8
27/01/2025;0700 UTC;;24.2
27/01/2025;0800 UTC;;24.5
27/01/2025;0900 UTC;;24
27/01/2025;1000 UTC;13.1;23.6
27/01/2025;1100 UTC;261.3;24.9
27/01/2025;1200 UTC;1200;26
27/01/2025;1300 UTC;2193.6;29.5
27/01/2025;1400 UTC;2829.9;30.3
27/01/2025;1500 UTC;3408.3;32
27/01/2025;1600 UTC;3664.5;32.4
27/01/2025;1700 UTC;3508.6;33
27/01/2025;1800 UTC;2223.2;25.6
27/01/2025;1900 UTC;348.2;24.2
27/01/2025;2000 UTC;134.6;24.2
27/01/2025;2100 UTC;107.7;24.3
27/01/2025;2200 UTC;53.1;24
27/01/2025;2300 UTC;0.1;23.8
28/01/2025;0000 UTC;;23.7
28/01/2025;0100 UTC;;23.3
28/01/2025;0200 UTC;;23.2
28/01/2025;0300 UTC;;22.6
28/01/2025;0400 UTC;;22.6
28/01/2025;0500 UTC;;22.2
28/01/2025;0600 UTC;;21.3
28/01/2025;0700 UTC;;21.5
28/01/2025;0800 UTC;;21.4
28/01/2025;0900 UTC;;21.3
28/01/2025;1000 UTC;30.5;21.5
28/01/2025;1100 UTC;511.4;23.8
28/01/2025;1200 UTC;1310.4;25.7
28/01/2025;1300 UTC;2132.6;27.6
28/01/2025;1400 UTC;2620.1;28.8
28/01/2025;1500 UTC;;
28/01/2025;1600 UTC;3352;30.8
28/01/2025;1700 UTC;3037.9;31.6
28/01/2025;1800 UTC;2669.8;32.7
28/01/2025;1900 UTC;2269.4;34.3
28/01/2025;2000 UTC;1011.9;30.7
28/01/2025;2100 UTC;471;31.7
28/01/2025;2200 UTC;100.3;28.1
28/01/2025;2300 UTC;10.3;28.3
29/01/2025;0000 UTC;;27.8
29/01/2025;0100 UTC;;26.4
29/01/2025;0200 UTC;;26.4
29/01/2025;0300 UTC;;25.9
29/01/2025;0400 UTC;;25.4
29/01/2025;0500 UTC;;24.8
29/01/2025;0600 UTC;;24.7
29/01/2025;0700 UTC;;24.4
29/01/2025;0800 UTC;;24.4
29/01/2025;0900 UTC;;23.7
29/01/2025;1000 UTC;16.6;24
29/01/2025;1100 UTC;268.2;25.3
29/01/2025;1200 UTC;884.3;27
29/01/2025;1300 UTC;1606.1;29.5
29/01/2025;1400 UTC;2388.1;30.5
29/01/2025;1500 UTC;2247.3;30.2
29/01/2025;1600 UTC;868.2;30
29/01/2025;1700 UTC;63.9;22.6
29/01/2025;1800 UTC;804.1;26
29/01/2025;1900 UTC;849.6;26.3
29/01/2025;2000 UTC;659.6;25.9
29/01/2025;2100 UTC;508.7;25.9
29/01/2025;2200 UTC;268.5;25.4
29/01/2025;2300 UTC;2.8;25.2
30/01/2025;0000 UTC;;24.6
30/01/2025;0100 UTC;;24.7
30/01/2025;0200 UTC;;24.3
30/01/2025;0300 UTC;;23.9
30/01/2025;0400 UTC;;23.8
30/01/2025;0500 UTC;;23.5
30/01/2025;0600 UTC;;23.5
30/01/2025;0700 UTC;;23.8
30/01/2025;0800 UTC;;23.7
30/01/2025;0900 UTC;;23.8
30/01/2025;1000 UTC;11;23.7
30/01/2025;1100 UTC;297.8;24.2
30/01/2025;1200 UTC;915;26.2
30/01/2025;1300 UTC;1686.8;28.1
30/01/2025;1400 UTC;2478.6;29.8
30/01/2025;1500 UTC;1566.2;28
30/01/2025;1600 UTC;1099.1;25.9
30/01/2025;1700 UTC;1175.8;26.1
30/01/2025;1800 UTC;943;27.5
30/01/2025;1900 UTC;1549.5;28.5
30/01/2025;2000 UTC;811.7;28.2
30/01/2025;2100 UTC;447.8;27.6
30/01/2025;2200 UTC;184.2;27.3
30/01/2025;2300 UTC;2.1;26.9
31/01/2025;0000 UTC;;26.1
31/01/2025;0100 UTC;;25.5
31/01/2025;0200 UTC;;25.1
31/01/2025;0300 UTC;;23.9
31/01/2025;0400 UTC;;22.9
31/01/2025;0500 UTC;;22.8
31/01/2025;0600 UTC;;22.8
31/01/2025;0700 UTC;;23
31/01/2025;0800 UTC;;23
31/01/2025;0900 UTC;;23
31/01/2025;1000 UTC;0.5;23.2
31/01/2025;1100 UTC;84.1;23.5
31/01/2025;1200 UTC;234.7;24
31/01/2025;1300 UTC;592;25
31/01/2025;1400 UTC;897.2;25.8
31/01/2025;1500 UTC;1109.7;26.2
31/01/2025;1600 UTC;2878.7;28.7
31/01/2025;1700 UTC;2929.8;29.4
31/01/2025;1800 UTC;2954.6;30.8
31/01/2025;1900 UTC;2351.4;30.9
31/01/2025;2000 UTC;2120.5;30.3
31/01/2025;2100 UTC;740.8;29.9
31/01/2025;2200 UTC;271.9;29.6
31/01/2025;2300 UTC;0.6;26.6
01/02/2025;0000 UTC;;25.5
01/02/2025;0100 UTC;;25.5
01/02/2025;0200 UTC;;25.6
01/02/2025;0300 UTC;;24.9
01/02/2025;0400 UTC;;24.4
01/02/2025;0500 UTC;;24.5
01/02/2025;0600 UTC;;24.2
01/02/2025;0700 UTC;;23.9
01/02/2025;0800 UTC;;23.1
01/02/2025;0900 UTC;;23.3
01/02/2025;1000 UTC;3.4;23.1
01/02/2025;1100 UTC;47.6;23.1
01/02/2025;1200 UTC;134.8;23.5
01/02/2025;1300 UTC;357.6;23.1
01/02/2025;1400 UTC;560.6;23.5
01/02/2025;1500 UTC;977.5;24.6
01/02/2025;1600 UTC;2285.6;27.5
01/02/2025;1700 UTC;1181.4;24
01/02/2025;1800 UTC;1576;26.1
01/02/2025;1900 UTC;989.9;25.9
01/02/2025;2000 UTC;1066.5;26.3
01/02/2025;2100 UTC;550.5;26.3
01/02/2025;2200 UTC;128.5;24.5
01/02/2025;2300 UTC;;23.5
02/02/2025;0000 UTC;;23.2
02/02/2025;0100 UTC;;23.1
02/02/2025;0200 UTC;;23.2
02/02/2025;0300 UTC;;22.5
02/02/2025;0400 UTC;0.5;21.3
02/02/2025;0500 UTC;0.1;21.4
02/02/2025;0600 UTC;;21.7
02/02/2025;0700 UTC;0.3;21.8
02/02/2025;0800 UTC;;21.8
02/02/2025;0900 UTC;;21.8
02/02/2025;1000 UTC;4.6;21.8
02/02/2025;1100 UTC;111.6;22.1
02/02/2025;1200 UTC;300;22.5
02/02/2025;1300 UTC;539.6;23.2
02/02/2025;1400 UTC;1187.3;25.1
02/02/2025;1500 UTC;806;24.2
02/02/2025;1600 UTC;955.8;24.5
02/02/2025;1700 UTC;2528.7;27
02/02/2025;1800 UTC;2233.4;27.1
02/02/2025;1900 UTC;2727.2;29.8
02/02/2025;2000 UTC;1729.6;27.5
02/02/2025;2100 UTC;509.8;27.3
02/02/2025;2200 UTC;42.8;23.6
02/02/2025;2300 UTC;1.5;22.8
03/02/2025;0000 UTC;;22.8
03/02/2025;0100 UTC;;22.9
03/02/2025;0200 UTC;0.5;22.7
03/02/2025;0300 UTC;0.4;22.6
03/02/2025;0400 UTC;;22.8
03/02/2025;0500 UTC;;22.7
03/02/2025;0600 UTC;;22.4
03/02/2025;0700 UTC;;22.4
03/02/2025;0800 UTC;;22.4
03/02/2025;0900 UTC;;22.3
03/02/2025;1000 UTC;5.3;22.5
03/02/2025;1100 UTC;131;22.9
03/02/2025;1200 UTC;354.9;23.5
03/02/2025;1300 UTC;448.3;23.1
03/02/2025;1400 UTC;1018.5;23
03/02/2025;1500 UTC;2163.6;26.1
03/02/2025;1600 UTC;2749.3;27.1
03/02/2025;1700 UTC;3039.9;28.3
03/02/2025;1800 UTC;2949.8;29
03/02/2025;1900 UTC;2327.4;29.3
03/02/2025;2000 UTC;1433.4;29.7
03/02/2025;2100 UTC;1173.1;28.9
03/02/2025;2200 UTC;176.6;26
03/02/2025;2300 UTC;1.8;25.4
04/02/2025;0000 UTC;;25
04/02/2025;0100 UTC;;24.7
04/02/2025;0200 UTC;;24.4
04/02/2025;0300 UTC;;24.1
04/02/2025;0400 UTC;;23.5
04/02/2025;0500 UTC;;23.4
04/02/2025;0600 UTC;;22.8
04/02/2025;0700 UTC;;22.7
04/02/2025;0800 UTC;;22.7
04/02/2025;0900 UTC;;22.6
04/02/2025;1000 UTC;23.4;22.7
04/02/2025;1100 UTC;251.7;23.3
04/02/2025;1200 UTC;522;24.2
04/02/2025;1300 UTC;1063.1;25.5
04/02/2025;1400 UTC;1434.4;26.2
04/02/2025;1500 UTC;1997.5;28.1
04/02/2025;1600 UTC;2324.3;28.9
04/02/2025;1700 UTC;3664.5;30.9
04/02/2025;1800 UTC;2592.3;30.9
04/02/2025;1900 UTC;2171.7;29.1
04/02/2025;2000 UTC;2473.3;29.8
04/02/2025;2100 UTC;1468.2;29.2
04/02/2025;2200 UTC;542.1;28.3
04/02/2025;2300 UTC;4.5;26.1
05/02/2025;0000 UTC;;25.7
05/02/2025;0100 UTC;;25.3
05/02/2025;0200 UTC;;24.7
05/02/2025;0300 UTC;;24.1
05/02/2025;0400 UTC;;22.7
05/02/2025;0500 UTC;;22.5
05/02/2025;0600 UTC;;22.3
05/02/2025;0700 UTC;;22
05/02/2025;0800 UTC;;21.8
05/02/2025;0900 UTC;;21.5
05/02/2025;1000 UTC;3.3;21.4
05/02/2025;1100 UTC;99.3;21.8
05/02/2025;1200 UTC;406.8;22.3
05/02/2025;1300 UTC;1403.9;24.7
05/02/2025;1400 UTC;2263.9;26.8
05/02/2025;1500 UTC;3087.9;29.2
05/02/2025;1600 UTC;4046;30.4
05/02/2025;1700 UTC;3612.6;30.6
05/02/2025;1800 UTC;2725.5;30.9
05/02/2025;1900 UTC;2754.4;30.7
05/02/2025;2000 UTC;1615;30.5
05/02/2025;2100 UTC;1096.2;30
05/02/2025;2200 UTC;373.5;29
05/02/2025;2300 UTC;0.1;27.3
06/02/2025;0000 UTC;;26
06/02/2025;0100 UTC;;25.5
06/02/2025;0200 UTC;;25
06/02/2025;0300 UTC;;24.8
06/02/2025;0400 UTC;;24.4
06/02/2025;0500 UTC;;24.5
06/02/2025;0600 UTC;;24.5
06/02/2025;0700 UTC;;24.3
06/02/2025;0800 UTC;;24.1
06/02/2025;0900 UTC;;23.9
06/02/2025;1000 UTC;2.2;23.6
06/02/2025;1100 UTC;124.1;24.1
06/02/2025;1200 UTC;548.3;25
06/02/2025;1300 UTC;1109.4;26.5
06/02/2025;1400 UTC;2119;28.8
06/02/2025;1500 UTC;2856.2;30
06/02/2025;1600 UTC;2829.2;30.4
06/02/2025;1700 UTC;1026;26.3
06/02/2025;1800 UTC;723.9;27.6
06/02/2025;1900 UTC;843.1;27
06/02/2025;2000 UTC;570;25.2
06/02/2025;2100 UTC;166.8;22.7
06/02/2025;2200 UTC;62.9;22.4
06/02/2025;2300 UTC;;22.7
07/02/2025;0000 UTC;;23.1
07/02/2025;0100 UTC;;22.6
07/02/2025;0200 UTC;;22.5
07/02/2025;0300 UTC;;22.2
07/02/2025;0400 UTC;;22.6
07/02/2025;0500 UTC;;22.5
07/02/2025;0600 UTC;;22.3
07/02/2025;0700 UTC;;22.3
07/02/2025;0800 UTC;;22.3
07/02/2025;0900 UTC;;22.2
07/02/2025;1000 UTC;16.1;22.2
07/02/2025;1100 UTC;239.3;23.2
07/02/2025;1200 UTC;1215.9;26.3
07/02/2025;1300 UTC;1988;28.9
07/02/2025;1400 UTC;2685.2;30.4
07/02/2025;1500 UTC;3128.8;31
07/02/2025;1600 UTC;2700.9;32.7
07/02/2025;1700 UTC;3036;32.9
07/02/2025;1800 UTC;3043.5;33.6
07/02/2025;1900 UTC;1207.1;32.5
07/02/2025;2000 UTC;511.4;31.9
07/02/2025;2100 UTC;401.3;31.8
07/02/2025;2200 UTC;103.6;30.5
07/02/2025;2300 UTC;;29.2
08/02/2025;0000 UTC;;28.4
08/02/2025;0100 UTC;;27.7
08/02/2025;0200 UTC;;26.1
08/02/2025;0300 UTC;;25.8
08/02/2025;0400 UTC;;25.7
08/02/2025;0500 UTC;;
08/02/2025;0600 UTC;;24.9
08/02/2025;0700 UTC;;23.7
08/02/2025;0800 UTC;;23.6
08/02/2025;0900 UTC;;23.1
08/02/2025;1000 UTC;12.7;23.3
08/02/2025;1100 UTC;376.3;25.3
08/02/2025;1200 UTC;1151.1;27.2
08/02/2025;1300 UTC;2093.4;29.4
08/02/2025;1400 UTC;2752.7;30.7
08/02/2025;1500 UTC;2646.7;31.7
08/02/2025;1600 UTC;2174.5;31.8
08/02/2025;1700 UTC;1340.6;31.4
08/02/2025;1800 UTC;451.7;25.8
08/02/2025;1900 UTC;797.5;27.9
08/02/2025;2000 UTC;821.9;27.4
08/02/2025;2100 UTC;501.3;27.3
08/02/2025;2200 UTC;49.2;23.7
08/02/2025;2300 UTC;;24.1
09/02/2025;0000 UTC;;24.5
09/02/2025;0100 UTC;;24
09/02/2025;0200 UTC;;23.7
09/02/2025;0300 UTC;;24.2
09/02/2025;0400 UTC;;21.5
09/02/2025;0500 UTC;;21.1
09/02/2025;0600 UTC;;20.5
09/02/2025;0700 UTC;;21.6
09/02/2025;0800 UTC;;21.5
09/02/2025;0900 UTC;;21.2
09/02/2025;1000 UTC;9.9;21.4
09/02/2025;1100 UTC;306.2;22.5
09/02/2025;1200 UTC;1076.8;24.5
09/02/2025;1300 UTC;2020.8;26.6
09/02/2025;1400 UTC;2741.3;29
09/02/2025;1500 UTC;3274.1;30.9
09/02/2025;1600 UTC;2865.8;30.9
09/02/2025;1700 UTC;;
09/02/2025;1800 UTC;1764.7;33.2
09/02/2025;1900 UTC;1288.3;29.1
09/02/2025;2000 UTC;403.4;28.4
09/02/2025;2100 UTC;269.4;27.8
09/02/2025;2200 UTC;162.7;26.4
09/02/2025;2300 UTC;0.3;24.4
10/02/2025;0000 UTC;;23.8
10/02/2025;0100 UTC;1;21.5
10/02/2025;0200 UTC;;22.5
10/02/2025;0300 UTC;0.5;21.7
10/02/2025;0400 UTC;;21.6
10/02/2025;0500 UTC;;21.5
10/02/2025;0600 UTC;;21.5
10/02/2025;0700 UTC;;21.5
10/02/2025;0800 UTC;;21.6
10/02/2025;0900 UTC;;21.7
10/02/2025;1000 UTC;11.8;21.6
10/02/2025;1100 UTC;241.1;22.2
10/02/2025;1200 UTC;584.9;23.4
10/02/2025;1300 UTC;1706.4;25.3
10/02/2025;1400 UTC;2036.8;26.7
10/02/2025;1500 UTC;2505.9;28.3
10/02/2025;1600 UTC;2390.1;29.1
10/02/2025;1700 UTC;2569.4;29.2
10/02/2025;1800 UTC;2393.2;30.5
10/02/2025;1900 UTC;1754.5;29.2
10/02/2025;2000 UTC;582.6;27.4
10/02/2025;2100 UTC;632;28.2
10/02/2025;2200 UTC;193.6;27.8
10/02/2025;2300 UTC;;26.8
11/02/2025;0000 UTC;;26.2
11/02/2025;0100 UTC;;25.6
11/02/2025;0200 UTC;;25.5
11/02/2025;0300 UTC;;24.8
11/02/2025;0400 UTC;;24.3
11/02/2025;0500 UTC;;24
11/02/2025;0600 UTC;;23.8
11/02/2025;0700 UTC;;23.4
11/02/2025;0800 UTC;;23
11/02/2025;0900 UTC;;22.7
11/02/2025;1000 UTC;13;22.7
11/02/2025;1100 UTC;184.1;23.1
11/02/2025;1200 UTC;600.5;23.1
11/02/2025;1300 UTC;559;23.9
11/02/2025;1400 UTC;1192.9;25.1
11/02/2025;1500 UTC;1574.4;26.3
11/02/2025;1600 UTC;2475.2;26.8
11/02/2025;1700 UTC;2093.4;27
11/02/2025;1800 UTC;1277.5;25.2
11/02/2025;1900 UTC;231;25.3
11/02/2025;2000 UTC;962.4;25.5
11/02/2025;2100 UTC;378.7;24
11/02/2025;2200 UTC;108.7;23.4
11/02/2025;2300 UTC;;22.9
12/02/2025;0000 UTC;;23.1
12/02/2025;0100 UTC;;23
12/02/2025;0200 UTC;;22.8
12/02/2025;0300 UTC;;22.7
12/02/2025;0400 UTC;;22.7
12/02/2025;0500 UTC;;22.5
12/02/2025;0600 UTC;;22.4
12/02/2025;0700 UTC;;22.5
12/02/2025;0800 UTC;;22.5
12/02/2025;0900 UTC;;22.6
12/02/2025;1000 UTC;4.7;22.6
12/02/2025;1100 UTC;134.6;22.9
12/02/2025;1200 UTC;437.1;23.7
12/02/2025;1300 UTC;706.4;24.6
12/02/2025;1400 UTC;1680.7;26.5
12/02/2025;1500 UTC;2021.4;27.8
12/02/2025;1600 UTC;2399.6;28.6
12/02/2025;1700 UTC;2523.3;29.5
12/02/2025;1800 UTC;2400.7;30.1
12/02/2025;1900 UTC;954.5;29.7
12/02/2025;2000 UTC;794.4;29.4
12/02/2025;2100 UTC;120.6;26.4
12/02/2025;2200 UTC;13.6;24.1
12/02/2025;2300 UTC;;22.8
13/02/2025;0000 UTC;;22.9
13/02/2025;0100 UTC;;23.1
13/02/2025;0200 UTC;;23
13/02/2025;0300 UTC;;23.1
13/02/2025;0400 UTC;;22.9
13/02/2025;0500 UTC;;22.9
13/02/2025;0600 UTC;;22.7
13/02/2025;0700 UTC;;22.7
13/02/2025;0800 UTC;;22.7
13/02/2025;0900 UTC;;22.1
13/02/2025;1000 UTC;1;22.3
13/02/2025;1100 UTC;96.7;22.7
13/02/2025;1200 UTC;473;23
13/02/2025;1300 UTC;617.1;23.5
13/02/2025;1400 UTC;937.7;25.2
13/02/2025;1500 UTC;1656;26.4
13/02/2025;1600 UTC;1172.3;23.8
13/02/2025;1700 UTC;883.9;24.2
13/02/2025;1800 UTC;2914.1;26.9
13/02/2025;1900 UTC;2633.3;27.8
13/02/2025;2000 UTC;2059.8;29
13/02/2025;2100 UTC;1177.2;28.9
13/02/2025;2200 UTC;345.3;27.4
13/02/2025;2300 UTC;;26.5
14/02/2025;0000 UTC;;25.7
14/02/2025;0100 UTC;;25.5
14/02/2025;0200 UTC;;25.1
14/02/2025;0300 UTC;;24.8
14/02/2025;0400 UTC;;23.8
14/02/2025;0500 UTC;;23.3
14/02/2025;0600 UTC;;22.9
14/02/2025;0700 UTC;;23.1
14/02/2025;0800 UTC;;23.1
14/02/2025;0900 UTC;;23
14/02/2025;1000 UTC;13;22.9
14/02/2025;1100 UTC;348.3;24.2
14/02/2025;1200 UTC;850;25.7
14/02/2025;1300 UTC;1311.7;26.6
14/02/2025;1400 UTC;1443.3;27.8
14/02/2025;1500 UTC;2002.6;29.5
14/02/2025;1600 UTC;1479.8;26.1
14/02/2025;1700 UTC;770.2;25.7
14/02/2025;1800 UTC;556;25.8
14/02/2025;1900 UTC;912.9;27.3
14/02/2025;2000 UTC;1027.6;28.2
14/02/2025;2100 UTC;599;27.6
14/02/2025;2200 UTC;84.8;26.9
14/02/2025;2300 UTC;;25.7
15/02/2025;0000 UTC;;24.4
15/02/2025;0100 UTC;;23.7
15/02/2025;0200 UTC;;23.7
15/02/2025;0300 UTC;;23.2
15/02/2025;0400 UTC;;23.2
15/02/2025;0500 UTC;;23.2
15/02/2025;0600 UTC;;23.1
15/02/2025;0700 UTC;;22.9
15/02/2025;0800 UTC;;22.5
15/02/2025;0900 UTC;;22.3
15/02/2025;1000 UTC;12.1;22.5
15/02/2025;1100 UTC;223.4;23.4
15/02/2025;1200 UTC;573.3;24.8
15/02/2025;1300 UTC;1471.3;26.2
15/02/2025;1400 UTC;1868.3;28.5
15/02/2025;1500 UTC;2615.3;29.3
15/02/2025;1600 UTC;3279.4;30.5
15/02/2025;1700 UTC;1944.9;26.4
15/02/2025;1800 UTC;252.1;23
15/02/2025;1900 UTC;243.1;23.7
15/02/2025;2000 UTC;131.9;23.7
15/02/2025;2100 UTC;116.8;23.9
15/02/2025;2200 UTC;58.3;23.8
15/02/2025;2300 UTC;;24
16/02/2025;0000 UTC;;23.9
16/02/2025;0100 UTC;;23.8
16/02/2025;0200 UTC;;23.6
16/02/2025;0300 UTC;;23.2
16/02/2025;0400 UTC;;22.6
16/02/2025;0500 UTC;;23
16/02/2025;0600 UTC;;22.6
16/02/2025;0700 UTC;;22.8
16/02/2025;0800 UTC;;22.2
16/02/2025;0900 UTC;;22.4
16/02/2025;1000 UTC;5.2;22.4
16/02/2025;1100 UTC;112.4;22.7
16/02/2025;1200 UTC;365.3;23.1
16/02/2025;1300 UTC;641.1;24.3
16/02/2025;1400 UTC;811.7;25.6
16/02/2025;1500 UTC;2190.9;27.9
16/02/2025;1600 UTC;2823.6;28.4
16/02/2025;1700 UTC;2234.1;29.7
16/02/2025;1800 UTC;2446.1;31.1
16/02/2025;1900 UTC;1020.9;29.8
16/02/2025;2000 UTC;2364.7;30.2
16/02/2025;2100 UTC;702.2;26.8
16/02/2025;2200 UTC;165.1;25.5
16/02/2025;2300 UTC;;24.9
17/02/2025;0000 UTC;;24.9
17/02/2025;0100 UTC;;24.3
17/02/2025;0200 UTC;;24.4
17/02/2025;0300 UTC;;24.2
17/02/2025;0400 UTC;;23.6
17/02/2025;0500 UTC;;23.5
17/02/2025;0600 UTC;;23.5
17/02/2025;0700 UTC;;23
17/02/2025;0800 UTC;;23
17/02/2025;0900 UTC;;22.9
17/02/2025;1000 UTC;20.9;23.1
17/02/2025;1100 UTC;452.7;24.9
17/02/2025;1200 UTC;947;25.7
17/02/2025;1300 UTC;1862.7;28.9
17/02/2025;1400 UTC;2595.3;29.7
17/02/2025;1500 UTC;2373.8;30
17/02/2025;1600 UTC;1971.3;29.8
17/02/2025;1700 UTC;2375.2;30.5
17/02/2025;1800 UTC;2643;29.3
17/02/2025;1900 UTC;2841.9;30.4
17/02/2025;2000 UTC;1643.7;30.3
17/02/2025;2100 UTC;534.3;27.3
17/02/2025;2200 UTC;185.2;26
17/02/2025;2300 UTC;;22.5
18/02/2025;0000 UTC;;23.5
18/02/2025;0100 UTC;;23.2
18/02/2025;0200 UTC;;22.7
18/02/2025;0300 UTC;;22.6
18/02/2025;0400 UTC;;23
18/02/2025;0500 UTC;;23.6
18/02/2025;0600 UTC;;23.2
18/02/2025;0700 UTC;;22.6
18/02/2025;0800 UTC;;22.2
18/02/2025;0900 UTC;;21.9
18/02/2025;1000 UTC;19.8;21.9
18/02/2025;1100 UTC;454.8;24.9
18/02/2025;1200 UTC;1247.7;26.2
18/02/2025;1300 UTC;2077.9;28.1
18/02/2025;1400 UTC;2716;30.4
18/02/2025;1500 UTC;3494.2;31.3
18/02/2025;1600 UTC;3540.5;31.3
18/02/2025;1700 UTC;2630.5;32.6
18/02/2025;1800 UTC;3264.4;33.2
18/02/2025;1900 UTC;2540.6;33.8
18/02/2025;2000 UTC;1814.4;33.2
18/02/2025;2100 UTC;880.5;31.9
18/02/2025;2200 UTC;157;26
18/02/2025;2300 UTC;2;27.1
19/02/2025;0000 UTC;;27.1
19/02/2025;0100 UTC;;25.2
19/02/2025;0200 UTC;;24.1
19/02/2025;0300 UTC;;24.8
19/02/2025;0400 UTC;;23.9
19/02/2025;0500 UTC;;23.6
19/02/2025;0600 UTC;;
19/02/2025;0700 UTC;;22.5
19/02/2025;0800 UTC;;22.4
19/02/2025;0900 UTC;;22.1
19/02/2025;1000 UTC;7.8;22.2
19/02/2025;1100 UTC;278.9;22.9
19/02/2025;1200 UTC;649.7;24.3
19/02/2025;1300 UTC;1350.1;26.8
19/02/2025;1400 UTC;1938.3;28.1
19/02/2025;1500 UTC;2261.8;29.3
19/02/2025;1600 UTC;2624.9;30.4
19/02/2025;1700 UTC;1465.7;29.1
19/02/2025;1800 UTC;1691.2;29.1
19/02/2025;1900 UTC;1208.6;29.4
19/02/2025;2000 UTC;1239.4;29.1
19/02/2025;2100 UTC;658;27.8
19/02/2025;2200 UTC;163.1;27.4
19/02/2025;2300 UTC;;26.6
20/02/2025;0000 UTC;;26.3
20/02/2025;0100 UTC;;26
20/02/2025;0200 UTC;;25.5
20/02/2025;0300 UTC;;25.3
20/02/2025;0400 UTC;;23.8
20/02/2025;0500 UTC;;23.5
20/02/2025;0600 UTC;;23.4
20/02/2025;0700 UTC;;23.3
20/02/2025;0800 UTC;;23.7
20/02/2025;0900 UTC;;23.7
20/02/2025;1000 UTC;4.7;23.5
20/02/2025;1100 UTC;222.7;24.3
20/02/2025;1200 UTC;920.4;26.7
20/02/2025;1300 UTC;1751.9;29.7
20/02/2025;1400 UTC;2733;31.2
20/02/2025;1500 UTC;2578.7;31.6
20/02/2025;1600 UTC;1866.6;32.4
20/02/2025;1700 UTC;2602.8;31.4
20/02/2025;1800 UTC;927.1;21.3
20/02/2025;1900 UTC;107.9;23.4
20/02/2025;2000 UTC;191.9;24.4
20/02/2025;2100 UTC;319.7;25.8
20/02/2025;2200 UTC;;
20/02/2025;2300 UTC;;24.7
21/02/2025;0000 UTC;;25
21/02/2025;0100 UTC;;25.1
21/02/2025;0200 UTC;;24.4
21/02/2025;0300 UTC;;24.3
21/02/2025;0400 UTC;;24.2
21/02/2025;0500 UTC;;24
21/02/2025;0600 UTC;;23.7
21/02/2025;0700 UTC;;23.8
21/02/2025;0800 UTC;;23.6
21/02/2025;0900 UTC;;23.1
21/02/2025;1000 UTC;;22.6
21/02/2025;1100 UTC;50.7;22.7
21/02/2025;1200 UTC;402.2;23.5
21/02/2025;1300 UTC;2038.2;26
21/02/2025;1400 UTC;1592.9;26.4
21/02/2025;1500 UTC;3123.9;28.6
21/02/2025;1600 UTC;3071.8;30.1
21/02/2025;1700 UTC;3715.1;32.4
21/02/2025;1800 UTC;3325;32.7
21/02/2025;1900 UTC;2318.3;32.9
21/02/2025;2000 UTC;1879.2;31.5
21/02/2025;2100 UTC;1217;31.6
21/02/2025;2200 UTC;369.8;30.5
21/02/2025;2300 UTC;;28.6
22/02/2025;0000 UTC;;27.8
22/02/2025;0100 UTC;;26.2
22/02/2025;0200 UTC;;26.2
22/02/2025;0300 UTC;;25.6
22/02/2025;0400 UTC;;25.5
22/02/2025;0500 UTC;;24.9
22/02/2025;0600 UTC;;24.8
22/02/2025;0700 UTC;;24.3
22/02/2025;0800 UTC;;23.6
22/02/2025;0900 UTC;;23.7
22/02/2025;1000 UTC;18.1;24.3
22/02/2025;1100 UTC;546.8;25.8
22/02/2025;1200 UTC;1039.1;27
22/02/2025;1300 UTC;1455.2;26.4
22/02/2025;1400 UTC;2453.2;29.6
22/02/2025;1500 UTC;2680.1;30.9
22/02/2025;1600 UTC;2430.3;31.7
22/02/2025;1700 UTC;2261.1;31.8
22/02/2025;1800 UTC;2472.8;33.2
22/02/2025;1900 UTC;2165.3;32.2
22/02/2025;2000 UTC;1868.5;34.7
22/02/2025;2100 UTC;1261.3;33.2
22/02/2025;2200 UTC;375.5;31.7
22/02/2025;2300 UTC;;29.2
23/02/2025;0000 UTC;;28.6
23/02/2025;0100 UTC;;28.1
23/02/2025;0200 UTC;;26.7
23/02/2025;0300 UTC;;27.1
23/02/2025;0400 UTC;;26.4
23/02/2025;0500 UTC;;24.9
23/02/2025;0600 UTC;;24.7
23/02/2025;0700 UTC;;24.5
23/02/2025;0800 UTC;;23.6
23/02/2025;0900 UTC;;23.3
23/02/2025;1000 UTC;8.5;23.5
23/02/2025;1100 UTC;270.4;24.6
23/02/2025;1200 UTC;366.1;25.3
23/02/2025;1300 UTC;824.2;27.4
23/02/2025;1400 UTC;2656.8;30
23/02/2025;1500 UTC;3007.8;32
23/02/2025;1600 UTC;3522;32.9
23/02/2025;1700 UTC;;
23/02/2025;1800 UTC;1463.3;25
23/02/2025;1900 UTC;487.4;27.7
23/02/2025;2000 UTC;753.9;29
23/02/2025;2100 UTC;543.1;28.9
23/02/2025;2200 UTC;152.5;28
23/02/2025;2300 UTC;;26.8
24/02/2025;0000 UTC;;26.9
24/02/2025;0100 UTC;;25.7
24/02/2025;0200 UTC;;24.6
24/02/2025;0300 UTC;;23.9
24/02/2025;0400 UTC;;23.6
24/02/2025;0500 UTC;;23.4
24/02/2025;0600 UTC;;22.8
24/02/2025;0700 UTC;;23.2
24/02/2025;0800 UTC;;23.2
24/02/2025;0900 UTC;;22.8
24/02/2025;1000 UTC;0;22.5
24/02/2025;1100 UTC;43.3;22.6
24/02/2025;1200 UTC;233.4;23.4
24/02/2025;1300 UTC;802.1;24.2
24/02/2025;1400 UTC;1976.8;26.1
24/02/2025;1500 UTC;2558.7;28
24/02/2025;1600 UTC;3265.3;30.2
24/02/2025;1700 UTC;3047.9;31.4
24/02/2025;1800 UTC;1542.3;27.8
24/02/2025;1900 UTC;1696.3;31.4
24/02/2025;2000 UTC;1810.2;30.8
24/02/2025;2100 UTC;935.8;30.6
24/02/2025;2200 UTC;310.9;29.4
24/02/2025;2300 UTC;;28.3
25/02/2025;0000 UTC;;27.4
25/02/2025;0100 UTC;;26.8
25/02/2025;0200 UTC;;26.9
25/02/2025;0300 UTC;;26.3
25/02/2025;0400 UTC;;25.2
25/02/2025;0500 UTC;;24.8
25/02/2025;0600 UTC;;24.1
25/02/2025;0700 UTC;;23.9
25/02/2025;0800 UTC;;24.1
25/02/2025;0900 UTC;;23.3
25/02/2025;1000 UTC;;22.2
25/02/2025;1100 UTC;11.4;22.6
25/02/2025;1200 UTC;61.8;22.7
25/02/2025;1300 UTC;251.7;22.9
25/02/2025;1400 UTC;392.2;23.2
25/02/2025;1500 UTC;269.3;23.1
25/02/2025;1600 UTC;615.6;23.6
25/02/2025;1700 UTC;1459.7;25.4
25/02/2025;1800 UTC;2206.6;27.6
25/02/2025;1900 UTC;2569.8;27.6
25/02/2025;2000 UTC;2005.5;28.1
25/02/2025;2100 UTC;1179.4;27.6
25/02/2025;2200 UTC;226.5;26.2
25/02/2025;2300 UTC;;25.6
26/02/2025;0000 UTC;;25.2
26/02/2025;0100 UTC;;24.7
26/02/2025;0200 UTC;;24.5
26/02/2025;0300 UTC;;24.6
26/02/2025;0400 UTC;;24.5
26/02/2025;0500 UTC;;23.8
26/02/2025;0600 UTC;;23.5
26/02/2025;0700 UTC;;23.3
26/02/2025;0800 UTC;;23.1
26/02/2025;0900 UTC;;23
26/02/2025;1000 UTC;0.6;21.4
26/02/2025;1100 UTC;21.1;21.5
26/02/2025;1200 UTC;106.2;21.8
26/02/2025;1300 UTC;333.2;22.6
26/02/2025;1400 UTC;1006.9;24.2
26/02/2025;1500 UTC;1473.7;25.4
26/02/2025;1600 UTC;1718.6;26.3
26/02/2025;1700 UTC;2855.3;28.4
26/02/2025;1800 UTC;2884.7;29.8
26/02/2025;1900 UTC;2663.9;29.6
26/02/2025;2000 UTC;2111.6;30.2
26/02/2025;2100 UTC;1246.2;29.1
26/02/2025;2200 UTC;198.9;27.6
26/02/2025;2300 UTC;;26.7
27/02/2025;0000 UTC;;26.2
27/02/2025;0100 UTC;;24.7
27/02/2025;0200 UTC;;24.3
27/02/2025;0300 UTC;;24
27/02/2025;0400 UTC;;23.9
27/02/2025;0500 UTC;;23.7
27/02/2025;0600 UTC;;23.6
27/02/2025;0700 UTC;0.4;20.9
27/02/2025;0800 UTC;;21.1
27/02/2025;0900 UTC;;21.3
27/02/2025;1000 UTC;0.9;21.4
27/02/2025;1100 UTC;92.8;21.6
27/02/2025;1200 UTC;278;22.2
27/02/2025;1300 UTC;467.5;22.8
27/02/2025;1400 UTC;1031.7;23.4
27/02/2025;1500 UTC;1435;24.8
27/02/2025;1600 UTC;2218.3;25.2
27/02/2025;1700 UTC;3595.6;27.4
27/02/2025;1800 UTC;3319.1;28.6
27/02/2025;1900 UTC;2800;29.1
27/02/2025;2000 UTC;1449.7;28.2
27/02/2025;2100 UTC;1039.9;28.2
27/02/2025;2200 UTC;249.9;26.9
27/02/2025;2300 UTC;;25.4
28/02/2025;0000 UTC;;25.1
28/02/2025;0100 UTC;;24.9
28/02/2025;0200 UTC;;24.3
28/02/2025;0300 UTC;;24.3
28/02/2025;0400 UTC;;23.9
28/02/2025;0500 UTC;;23.5
28/02/2025;0600 UTC;;23
28/02/2025;0700 UTC;;22.8
28/02/2025;0800 UTC;;23.1
28/02/2025;0900 UTC;;22.9
28/02/2025;1000 UTC;3;22.7
28/02/2025;1100 UTC;204.6;23.1
28/02/2025;1200 UTC;714.9;24.3
28/02/2025;1300 UTC;1283;25.3
28/02/2025;1400 UTC;2342.3;27.4
28/02/2025;1500 UTC;2042.1;27.3
28/02/2025;1600 UTC;3077.6;29.4
28/02/2025;1700 UTC;2800.2;31.1
28/02/2025;1800 UTC;2753.9;31.1
28/02/2025;1900 UTC;1505.2;30.5
28/02/2025;2000 UTC;818.2;27.7
28/02/2025;2100 UTC;462.5;28.9
28/02/2025;2200 UTC;180.8;23.8
28/02/2025;2300 UTC;;24.4
01/03/2025;0000 UTC;;24.5
01/03/2025;0100 UTC;;24.1
01/03/2025;0200 UTC;;24.6
01/03/2025;0300 UTC;;24.6
01/03/2025;0400 UTC;;24.1
01/03/2025;0500 UTC;;24.1
01/03/2025;0600 UTC;;23.6
01/03/2025;0700 UTC;;23.4
01/03/2025;0800 UTC;;23.2
01/03/2025;0900 UTC;;23.2
01/03/2025;1000 UTC;6.1;23.2
01/03/2025;1100 UTC;237.6;23.7
01/03/2025;1200 UTC;675.1;25.2
01/03/2025;1300 UTC;1905.4;28.4
01/03/2025;1400 UTC;2631.2;29.5
01/03/2025;1500 UTC;2444.9;29.5
01/03/2025;1600 UTC;1344.9;26.6
01/03/2025;1700 UTC;2954.7;31.5
01/03/2025;1800 UTC;2417.3;31.1
01/03/2025;1900 UTC;327.2;24.9
01/03/2025;2000 UTC;251;23.3
01/03/2025;2100 UTC;193.7;24.3
01/03/2025;2200 UTC;43.6;23.9
01/03/2025;2300 UTC;;24.1
02/03/2025;0000 UTC;;24.2
02/03/2025;0100 UTC;;24.4
02/03/2025;0200 UTC;;24.2
02/03/2025;0300 UTC;;23.2
02/03/2025;0400 UTC;;23.3
02/03/2025;0500 UTC;;22.8
02/03/2025;0600 UTC;;22.9
02/03/2025;0700 UTC;;22.9
02/03/2025;0800 UTC;;22.3
02/03/2025;0900 UTC;;22.6
02/03/2025;1000 UTC;0.1;22.6
02/03/2025;1100 UTC;26.6;22
02/03/2025;1200 UTC;443.6;22.9
02/03/2025;1300 UTC;1088;24.6
02/03/2025;1400 UTC;1965.8;26.8
02/03/2025;1500 UTC;3044.3;28
02/03/2025;1600 UTC;2425.2;28.8
02/03/2025;1700 UTC;1807.3;29.1
02/03/2025;1800 UTC;1402.4;25.8
02/03/2025;1900 UTC;915.2;24.1
02/03/2025;2000 UTC;1032.1;26.1
02/03/2025;2100 UTC;772.9;26.5
02/03/2025;2200 UTC;129.6;25.6
02/03/2025;2300 UTC;;25.4
03/03/2025;0000 UTC;;24.9
03/03/2025;0100 UTC;;24.5
03/03/2025;0200 UTC;;23.9
03/03/2025;0300 UTC;;23.5
03/03/2025;0400 UTC;;23
03/03/2025;0500 UTC;;22.8
03/03/2025;0600 UTC;;22.7
03/03/2025;0700 UTC;;22.5
03/03/2025;0800 UTC;;22.4
03/03/2025;0900 UTC;;22.3
03/03/2025;1000 UTC;0.5;22.2
03/03/2025;1100 UTC;123.7;22.5
03/03/2025;1200 UTC;606.2;23.3
03/03/2025;1300 UTC;1074.7;24.5
03/03/2025;1400 UTC;1042.7;25.1
03/03/2025;1500 UTC;1380.5;26.8
03/03/2025;1600 UTC;2085.1;28.4
03/03/2025;1700 UTC;2988.4;29.3
03/03/2025;1800 UTC;2752;30
03/03/2025;1900 UTC;2746.5;30.1
03/03/2025;2000 UTC;1973.7;30.3
03/03/2025;2100 UTC;1033;29.3
03/03/2025;2200 UTC;137.2;28.4
03/03/2025;2300 UTC;;26.8
04/03/2025;0000 UTC;;26.1
04/03/2025;0100 UTC;;26.1
04/03/2025;0200 UTC;;23.6
04/03/2025;0300 UTC;;22.6
04/03/2025;0400 UTC;;22
04/03/2025;0500 UTC;;21.8
04/03/2025;0600 UTC;;21.8
04/03/2025;0700 UTC;;21.8
04/03/2025;0800 UTC;;22
04/03/2025;0900 UTC;;22.1
04/03/2025;1000 UTC;3.6;22.2
04/03/2025;1100 UTC;195.9;22.8
04/03/2025;1200 UTC;471.5;23.6
04/03/2025;1300 UTC;942.2;24.6
04/03/2025;1400 UTC;1836.1;26.8
04/03/2025;1500 UTC;2823.4;28.6
04/03/2025;1600 UTC;2974.8;29.2
04/03/2025;1700 UTC;2884.1;31
04/03/2025;1800 UTC;2431.4;31.1
04/03/2025;1900 UTC;1992.2;32.3
04/03/2025;2000 UTC;2192;32
04/03/2025;2100 UTC;1314.8;31.9
04/03/2025;2200 UTC;268.9;28.3
04/03/2025;2300 UTC;;26
05/03/2025;0000 UTC;1;22.6
05/03/2025;0100 UTC;;22.3
05/03/2025;0200 UTC;;22.1
05/03/2025;0300 UTC;;21.9
05/03/2025;0400 UTC;;21.6
05/03/2025;0500 UTC;;21.4
05/03/2025;0600 UTC;;21
05/03/2025;0700 UTC;;20.9
05/03/2025;0800 UTC;;20.9
05/03/2025;0900 UTC;;21.1
05/03/2025;1000 UTC;0.2;21
05/03/2025;1100 UTC;107.7;21.3
05/03/2025;1200 UTC;457.7;22
05/03/2025;1300 UTC;1503.5;24.2
05/03/2025;1400 UTC;2327.8;26.4
05/03/2025;1500 UTC;3163;29
05/03/2025;1600 UTC;2445.9;28.9
05/03/2025;1700 UTC;2110;29.3
05/03/2025;1800 UTC;1882.1;30.2
05/03/2025;1900 UTC;2617.1;30.8
05/03/2025;2000 UTC;1361.5;29.6
05/03/2025;2100 UTC;1110.9;29.4
05/03/2025;2200 UTC;70.4;26.9
05/03/2025;2300 UTC;;26.2
06/03/2025;0000 UTC;0.5;22.3
06/03/2025;0100 UTC;;22
06/03/2025;0200 UTC;;21.5
06/03/2025;0300 UTC;;21.4
06/03/2025;0400 UTC;;21.3
06/03/2025;0500 UTC;;21.1
06/03/2025;0600 UTC;;21
06/03/2025;0700 UTC;;21.4
06/03/2025;0800 UTC;;21.4
06/03/2025;0900 UTC;;21.3
06/03/2025;1000 UTC;3.9;21.1
06/03/2025;1100 UTC;226.6;21.7
06/03/2025;1200 UTC;1115.9;23.9
06/03/2025;1300 UTC;1535.8;25.7
06/03/2025;1400 UTC;2245.5;28.1
06/03/2025;1500 UTC;1994.6;28.3
06/03/2025;1600 UTC;1615.7;27.9
06/03/2025;1700 UTC;1752.8;28.4
06/03/2025;1800 UTC;2735.3;30.1
06/03/2025;1900 UTC;1582.7;29.5
06/03/2025;2000 UTC;1798.5;29.7
06/03/2025;2100 UTC;507;28.2
06/03/2025;2200 UTC;184.3;27
06/03/2025;2300 UTC;;26
07/03/2025;0000 UTC;;25
07/03/2025;0100 UTC;;24.4
07/03/2025;0200 UTC;;24.3
07/03/2025;0300 UTC;;24.1
07/03/2025;0400 UTC;;23.9
07/03/2025;0500 UTC;;23.3
07/03/2025;0600 UTC;;22.9
07/03/2025;0700 UTC;;22.6
07/03/2025;0800 UTC;;22.2
07/03/2025;0900 UTC;;22.2
07/03/2025;1000 UTC;3.7;21.7
07/03/2025;1100 UTC;349.4;23.2
07/03/2025;1200 UTC;927.2;25
07/03/2025;1300 UTC;996.2;25.9
07/03/2025;1400 UTC;;
07/03/2025;1500 UTC;2914.6;30.3
07/03/2025;1600 UTC;2938.6;30.3
07/03/2025;1700 UTC;2227;30.6
07/03/2025;1800 UTC;2999.6;31.3
07/03/2025;1900 UTC;2309.4;31.2
07/03/2025;2000 UTC;1710.6;31.2
07/03/2025;2100 UTC;1024.4;30.3
07/03/2025;2200 UTC;107.6;27.2
07/03/2025;2300 UTC;;25.8
08/03/2025;0000 UTC;;23.6
08/03/2025;0100 UTC;;22.3
08/03/2025;0200 UTC;;22.3
08/03/2025;0300 UTC;;22.4
08/03/2025;0400 UTC;;
08/03/2025;0500 UTC;;22.4
08/03/2025;0600 UTC;;22.4
08/03/2025;0700 UTC;;22.3
08/03/2025;0800 UTC;;22.3
08/03/2025;0900 UTC;;22.6
08/03/2025;1000 UTC;;22.3
08/03/2025;1100 UTC;21;22.4
08/03/2025;1200 UTC;52.3;22.3
08/03/2025;1300 UTC;293;23.3
08/03/2025;1400 UTC;567.8;23.4
08/03/2025;1500 UTC;417.3;23.2
08/03/2025;1600 UTC;306.8;23
08/03/2025;1700 UTC;277.7;22.7
08/03/2025;1800 UTC;521.1;22.5
08/03/2025;1900 UTC;483.8;22.5
08/03/2025;2000 UTC;450.7;22.8
08/03/2025;2100 UTC;394.6;23.3
08/03/2025;2200 UTC;126.1;22.7
08/03/2025;2300 UTC;;22.7
09/03/2025;0000 UTC;;22.2
09/03/2025;0100 UTC;;21.7
09/03/2025;0200 UTC;;21.8
09/03/2025;0300 UTC;;21.5
09/03/2025;0400 UTC;;21.7
09/03/2025;0500 UTC;;21.6
09/03/2025;0600 UTC;;21.6
09/03/2025;0700 UTC;;21.4
09/03/2025;0800 UTC;;21.3
09/03/2025;0900 UTC;;21.3
09/03/2025;1000 UTC;9.7;20.9
09/03/2025;1100 UTC;490.4;22.6
09/03/2025;1200 UTC;1184.3;25
09/03/2025;1300 UTC;2015.3;27.4
09/03/2025;1400 UTC;;
09/03/2025;1500 UTC;3083.1;29.5
09/03/2025;1600 UTC;3356.2;30.6
09/03/2025;1700 UTC;2774.8;31.8
09/03/2025;1800 UTC;2408.7;31.9
09/03/2025;1900 UTC;2239.3;32.4
09/03/2025;2000 UTC;1809.5;32.5
09/03/2025;2100 UTC;1148.8;31.7
09/03/2025;2200 UTC;259;29.5
09/03/2025;2300 UTC;;28.1
10/03/2025;0000 UTC;;27.5
10/03/2025;0100 UTC;;27
10/03/2025;0200 UTC;;26.5
10/03/2025;0300 UTC;;25.3
10/03/2025;0400 UTC;;25.7
10/03/2025;0500 UTC;;24.6
10/03/2025;0600 UTC;;24.3
10/03/2025;0700 UTC;;24
10/03/2025;0800 UTC;;23.5
10/03/2025;0900 UTC;;23.1
10/03/2025;1000 UTC;4;22.6
10/03/2025;1100 UTC;364.4;24.7
10/03/2025;1200 UTC;1273.7;27.4
10/03/2025;1300 UTC;2029.5;29.3
10/03/2025;1400 UTC;2659.8;30.7
10/03/2025;1500 UTC;3231.7;31.4
10/03/2025;1600 UTC;2570.8;31.8
10/03/2025;1700 UTC;2837.7;32.6
10/03/2025;1800 UTC;3236.4;31.2
10/03/2025;1900 UTC;592.7;30.2
10/03/2025;2000 UTC;981.3;31.4
10/03/2025;2100 UTC;991.8;31.2
10/03/2025;2200 UTC;103.9;29.6
10/03/2025;2300 UTC;;23.5
11/03/2025;0000 UTC;;23.2
11/03/2025;0100 UTC;;24.7
11/03/2025;0200 UTC;;24.7
11/03/2025;0300 UTC;;24.6
11/03/2025;0400 UTC;;23.9
11/03/2025;0500 UTC;;24.2
11/03/2025;0600 UTC;;23.7
11/03/2025;0700 UTC;;23.3
11/03/2025;0800 UTC;;23.6
11/03/2025;0900 UTC;;23.2
11/03/2025;1000 UTC;5.2;23.2
11/03/2025;1100 UTC;230.7;24.4
11/03/2025;1200 UTC;780.4;26.3
11/03/2025;1300 UTC;1462.9;27.4
11/03/2025;1400 UTC;1556.9;28.5
11/03/2025;1500 UTC;1539.6;29.2
11/03/2025;1600 UTC;1645.4;29.8
11/03/2025;1700 UTC;1631.2;30.4
11/03/2025;1800 UTC;1436.9;30.7
11/03/2025;1900 UTC;1426;31.6
11/03/2025;2000 UTC;1320.6;31.4
11/03/2025;2100 UTC;1130.7;31.4
11/03/2025;2200 UTC;216.5;28.9
11/03/2025;2300 UTC;;27.8
12/03/2025;0000 UTC;;26.8
12/03/2025;0100 UTC;;26.7
12/03/2025;0200 UTC;;
12/03/2025;0300 UTC;;25.5
12/03/2025;0400 UTC;;25.1
12/03/2025;0500 UTC;;25.1
12/03/2025;0600 UTC;;24.7
12/03/2025;0700 UTC;;24.3
12/03/2025;0800 UTC;;23.9
12/03/2025;0900 UTC;;23.1
12/03/2025;1000 UTC;6.3;23.1
12/03/2025;1100 UTC;414.6;24.8
12/03/2025;1200 UTC;1055.6;26.6
12/03/2025;1300 UTC;2061.6;28.5
12/03/2025;1400 UTC;2483.9;29.8
12/03/2025;1500 UTC;3045.7;31
12/03/2025;1600 UTC;2543.1;30.7
12/03/2025;1700 UTC;1524.3;27.3
12/03/2025;1800 UTC;173.2;22
12/03/2025;1900 UTC;85.8;22.8
12/03/2025;2000 UTC;116.6;22.6
12/03/2025;2100 UTC;110.6;23
12/03/2025;2200 UTC;21.8;23.2
12/03/2025;2300 UTC;;23.4
13/03/2025;0000 UTC;;23.3
13/03/2025;0100 UTC;;22.8
13/03/2025;0200 UTC;;22.4
13/03/2025;0300 UTC;;22.8
13/03/2025;0400 UTC;;22.8
13/03/2025;0500 UTC;;22.7
13/03/2025;0600 UTC;;22.7
13/03/2025;0700 UTC;;22.7
13/03/2025;0800 UTC;;22.5
13/03/2025;0900 UTC;;22.4
13/03/2025;1000 UTC;2.5;22.4
13/03/2025;1100 UTC;216;23.3
13/03/2025;1200 UTC;1257.8;25.9
13/03/2025;1300 UTC;1941.5;27.3
13/03/2025;1400 UTC;2264.3;28.5
13/03/2025;1500 UTC;2979;30.5
13/03/2025;1600 UTC;3035.2;30.8
13/03/2025;1700 UTC;2093.4;32.1
13/03/2025;1800 UTC;2145.5;31.3
13/03/2025;1900 UTC;1879.9;33.3
13/03/2025;2000 UTC;938.5;31.5
13/03/2025;2100 UTC;312.3;30
13/03/2025;2200 UTC;76.2;29.2
13/03/2025;2300 UTC;;27.8
14/03/2025;0000 UTC;;27.6
14/03/2025;0100 UTC;;24.6
14/03/2025;0200 UTC;;24.5
14/03/2025;0300 UTC;;24.3
14/03/2025;0400 UTC;;24.2
14/03/2025;0500 UTC;;24.2
14/03/2025;0600 UTC;;23
14/03/2025;0700 UTC;;23.3
14/03/2025;0800 UTC;;23.2
14/03/2025;0900 UTC;;23.2
14/03/2025;1000 UTC;0.3;23.4
14/03/2025;1100 UTC;94.1;24.1
14/03/2025;1200 UTC;202.2;24.4
14/03/2025;1300 UTC;620.1;24.6
14/03/2025;1400 UTC;757.4;25.9
14/03/2025;1500 UTC;2475.1;29.3
14/03/2025;1600 UTC;2085;29.3
14/03/2025;1700 UTC;1844.2;29.3
14/03/2025;1800 UTC;1591.8;30.5
14/03/2025;1900 UTC;1495.9;29.8
14/03/2025;2000 UTC;1216.8;30.4
14/03/2025;2100 UTC;603.7;29.4
14/03/2025;2200 UTC;210.5;28.4
14/03/2025;2300 UTC;;27.9
15/03/2025;0000 UTC;;27.6
15/03/2025;0100 UTC;;
15/03/2025;0200 UTC;;26.1
15/03/2025;0300 UTC;;25.4
15/03/2025;0400 UTC;;24.9
15/03/2025;0500 UTC;;24.4
15/03/2025;0600 UTC;;23.8
15/03/2025;0700 UTC;;23.4
15/03/2025;0800 UTC;;23
15/03/2025;0900 UTC;;23.2
15/03/2025;1000 UTC;11.1;23.1
15/03/2025;1100 UTC;401.3;24.5
15/03/2025;1200 UTC;1161.7;26.1
15/03/2025;1300 UTC;2043.7;29.3
15/03/2025;1400 UTC;2652.9;30.5
15/03/2025;1500 UTC;3205.7;32
15/03/2025;1600 UTC;3698.5;33
15/03/2025;1700 UTC;3309.8;33.7
15/03/2025;1800 UTC;2626.2;33.3
15/03/2025;1900 UTC;1961.1;33.8
15/03/2025;2000 UTC;1915.2;34.1
15/03/2025;2100 UTC;933.9;33.6
15/03/2025;2200 UTC;216.4;32.2
15/03/2025;2300 UTC;;30.6
16/03/2025;0000 UTC;;29.7
16/03/2025;0100 UTC;;28.9
16/03/2025;0200 UTC;;28.9
16/03/2025;0300 UTC;;26.7
16/03/2025;0400 UTC;;26.3
16/03/2025;0500 UTC;;24.7
16/03/2025;0600 UTC;;24.4
16/03/2025;0700 UTC;;24.7
16/03/2025;0800 UTC;;24.4
16/03/2025;0900 UTC;;24.1
16/03/2025;1000 UTC;4.3;23.8
16/03/2025;1100 UTC;382.3;25.9
16/03/2025;1200 UTC;1196.4;28
16/03/2025;1300 UTC;1899.3;29.7
16/03/2025;1400 UTC;2126.9;30.9
16/03/2025;1500 UTC;2292;31.3
16/03/2025;1600 UTC;1542.8;30.4
16/03/2025;1700 UTC;396.7;21.6
16/03/2025;1800 UTC;446.5;21.9
16/03/2025;1900 UTC;576.7;22.7
16/03/2025;2000 UTC;655;23.6
16/03/2025;2100 UTC;397.3;23.2
16/03/2025;2200 UTC;99.7;22.4
16/03/2025;2300 UTC;;22.1
17/03/2025;0000 UTC;;21.8
17/03/2025;0100 UTC;;21.6
17/03/2025;0200 UTC;;21.4
17/03/2025;0300 UTC;;21.1
17/03/2025;0400 UTC;;21.4
17/03/2025;0500 UTC;;20.5
17/03/2025;0600 UTC;;20.8
17/03/2025;0700 UTC;;21.3
17/03/2025;0800 UTC;;21.2
17/03/2025;0900 UTC;;20.7
17/03/2025;1000 UTC;5;20.9
17/03/2025;1100 UTC;198.3;22
17/03/2025;1200 UTC;665.4;23.5
17/03/2025;1300 UTC;1447.1;25.8
17/03/2025;1400 UTC;2387.3;28.3
17/03/2025;1500 UTC;3024;29.8
17/03/2025;1600 UTC;3297.3;30.2
17/03/2025;1700 UTC;3384.6;31.3
17/03/2025;1800 UTC;3121.1;32.6
17/03/2025;1900 UTC;2187.7;32.5
17/03/2025;2000 UTC;1716.1;31
17/03/2025;2100 UTC;1059.8;29.9
17/03/2025;2200 UTC;203.8;28.7
17/03/2025;2300 UTC;;27.7
18/03/2025;0000 UTC;;27.1
18/03/2025;0100 UTC;;26.9
18/03/2025;0200 UTC;;26.1
18/03/2025;0300 UTC;;25.5
18/03/2025;0400 UTC;;25.6
18/03/2025;0500 UTC;;24.8
18/03/2025;0600 UTC;;24.2
18/03/2025;0700 UTC;;23
18/03/2025;0800 UTC;;23.2
18/03/2025;0900 UTC;;23.1
18/03/2025;1000 UTC;5.8;23.5
18/03/2025;1100 UTC;365.1;26.1
18/03/2025;1200 UTC;1277.2;27.5
18/03/2025;1300 UTC;1945.4;28.9
18/03/2025;1400 UTC;2621.2;30.5
18/03/2025;1500 UTC;2974.1;31.1
18/03/2025;1600 UTC;2976;30.8
18/03/2025;1700 UTC;2432.7;31
18/03/2025;1800 UTC;2809;32
18/03/2025;1900 UTC;1838.7;30.9
18/03/2025;2000 UTC;1418.6;30.5
18/03/2025;2100 UTC;854.5;29.5
18/03/2025;2200 UTC;120.4;28
18/03/2025;2300 UTC;;26.7
19/03/2025;0000 UTC;;26
19/03/2025;0100 UTC;;25.9
19/03/2025;0200 UTC;;25.1
19/03/2025;0300 UTC;;24.7
19/03/2025;0400 UTC;;24.5
19/03/2025;0500 UTC;;24.7
19/03/2025;0600 UTC;;24.4
19/03/2025;0700 UTC;;24
19/03/2025;0800 UTC;;24.2
19/03/2025;0900 UTC;;24
19/03/2025;1000 UTC;6.5;23.6
19/03/2025;1100 UTC;452.5;25.8
19/03/2025;1200 UTC;1040.3;28.2
19/03/2025;1300 UTC;1979.8;29.9
19/03/2025;1400 UTC;2650.2;31.2
19/03/2025;1500 UTC;3158.3;31.4
19/03/2025;1600 UTC;3598.2;32.6
19/03/2025;1700 UTC;3016.5;31.3
19/03/2025;1800 UTC;1274.7;29.8
19/03/2025;1900 UTC;604.2;28.6
19/03/2025;2000 UTC;434.1;28.4
19/03/2025;2100 UTC;148.7;27
19/03/2025;2200 UTC;27.3;26.1
19/03/2025;2300 UTC;;25.9
20/03/2025;0000 UTC;;25.1
20/03/2025;0100 UTC;;24.9
20/03/2025;0200 UTC;;24.2
20/03/2025;0300 UTC;;23.8
20/03/2025;0400 UTC;;23.6
20/03/2025;0500 UTC;;23.5
20/03/2025;0600 UTC;;23
20/03/2025;0700 UTC;;22.8
20/03/2025;0800 UTC;;
20/03/2025;0900 UTC;;21.9
20/03/2025;1000 UTC;4.9;21.8
20/03/2025;1100 UTC;446.4;23.4
20/03/2025;1200 UTC;1251.3;25.6
20/03/2025;1300 UTC;2009.9;28
20/03/2025;1400 UTC;2669.7;29.7
20/03/2025;1500 UTC;2663.7;29.8
20/03/2025;1600 UTC;963.8;29.9
20/03/2025;1700 UTC;2022.6;31.1
20/03/2025;1800 UTC;2132.6;30
20/03/2025;1900 UTC;1097.4;30.7
20/03/2025;2000 UTC;1332.9;31.8
20/03/2025;2100 UTC;413.9;28.4
20/03/2025;2200 UTC;153.7;27.3
20/03/2025;2300 UTC;;28
21/03/2025;0000 UTC;;28.1
21/03/2025;0100 UTC;;27.4
21/03/2025;0200 UTC;;26.1
21/03/2025;0300 UTC;;25.5
21/03/2025;0400 UTC;;24.9
21/03/2025;0500 UTC;;24.2
21/03/2025;0600 UTC;;
21/03/2025;0700 UTC;;23.1
21/03/2025;0800 UTC;;20.9
21/03/2025;0900 UTC;;21.2
21/03/2025;1000 UTC;3.1;21.1
21/03/2025;1100 UTC;177.4;22.2
21/03/2025;1200 UTC;679;23.2
21/03/2025;1300 UTC;1124.5;24.9
21/03/2025;1400 UTC;2256.1;27.2
21/03/2025;1500 UTC;2905;28.9
21/03/2025;1600 UTC;2796.3;29.8
21/03/2025;1700 UTC;2542.7;30.3
21/03/2025;1800 UTC;2891.3;31.2
21/03/2025;1900 UTC;1774.2;30.8
21/03/2025;2000 UTC;1393.2;30.9
21/03/2025;2100 UTC;765;29.6
21/03/2025;2200 UTC;167;28.4
21/03/2025;2300 UTC;;27.8
22/03/2025;0000 UTC;;26.1
22/03/2025;0100 UTC;;25.8
22/03/2025;0200 UTC;;24.7
22/03/2025;0300 UTC;;24.2
22/03/2025;0400 UTC;;23.8
22/03/2025;0500 UTC;;23.7
22/03/2025;0600 UTC;;23.6
22/03/2025;0700 UTC;;23.6
22/03/2025;0800 UTC;;23.1
22/03/2025;0900 UTC;;23.1
22/03/2025;1000 UTC;11.3;23.5
22/03/2025;1100 UTC;396;24.4
22/03/2025;1200 UTC;1242.7;27.7
22/03/2025;1300 UTC;1866.7;28
22/03/2025;1400 UTC;2337.6;29.1
22/03/2025;1500 UTC;3026.9;30.2
22/03/2025;1600 UTC;3219.3;30.9
22/03/2025;1700 UTC;2682.5;30.6
22/03/2025;1800 UTC;2855.8;31.5
22/03/2025;1900 UTC;1772.2;32.6
22/03/2025;2000 UTC;718.2;29.9
22/03/2025;2100 UTC;361.7;29
22/03/2025;2200 UTC;114.4;27.3
22/03/2025;2300 UTC;;25.9
23/03/2025;0000 UTC;;25.4
23/03/2025;0100 UTC;;24.6
23/03/2025;0200 UTC;;24.6
23/03/2025;0300 UTC;;24.3
23/03/2025;0400 UTC;;23.7
23/03/2025;0500 UTC;;23.6
23/03/2025;0600 UTC;;23.4
23/03/2025;0700 UTC;;23.1
23/03/2025;0800 UTC;;23.4
23/03/2025;0900 UTC;;23.8
23/03/2025;1000 UTC;0.6;23.8
23/03/2025;1100 UTC;189.8;24.5
23/03/2025;1200 UTC;850.8;26.2
23/03/2025;1300 UTC;1659.4;29
23/03/2025;1400 UTC;2265.6;28.1
23/03/2025;1500 UTC;2860.8;30
23/03/2025;1600 UTC;3666.7;31.1
23/03/2025;1700 UTC;3071.6;31.2
23/03/2025;1800 UTC;1936.3;29.7
23/03/2025;1900 UTC;670.3;27.1
23/03/2025;2000 UTC;682.7;28.2
23/03/2025;2100 UTC;742.4;28.6
23/03/2025;2200 UTC;115.6;27.7
23/03/2025;2300 UTC;;26.8
24/03/2025;0000 UTC;;26.3
24/03/2025;0100 UTC;;25.9
24/03/2025;0200 UTC;;25.4
24/03/2025;0300 UTC;;25.1
24/03/2025;0400 UTC;;24.5
24/03/2025;0500 UTC;;24.5
24/03/2025;0600 UTC;;24.1
24/03/2025;0700 UTC;;23.8
24/03/2025;0800 UTC;;
24/03/2025;0900 UTC;;23.4
24/03/2025;1000 UTC;;
24/03/2025;1100 UTC;49.5;23.7
24/03/2025;1200 UTC;289.6;24
24/03/2025;1300 UTC;448;25.1
24/03/2025;1400 UTC;1161.9;26.2
24/03/2025;1500 UTC;1330.7;27.1
24/03/2025;1600 UTC;1903.9;29.3
24/03/2025;1700 UTC;2495.5;30
24/03/2025;1800 UTC;1936.3;30.2
24/03/2025;1900 UTC;1356.2;30
24/03/2025;2000 UTC;497.4;25.8
24/03/2025;2100 UTC;75.3;22.8
24/03/2025;2200 UTC;3.9;22.1
24/03/2025;2300 UTC;;22.7
25/03/2025;0000 UTC;;22.6
25/03/2025;0100 UTC;;22.7
25/03/2025;0200 UTC;;22.3
25/03/2025;0300 UTC;;22.6
25/03/2025;0400 UTC;;22.3
25/03/2025;0500 UTC;;22
25/03/2025;0600 UTC;;22
25/03/2025;0700 UTC;;22.1
25/03/2025;0800 UTC;;21.9
25/03/2025;0900 UTC;;22
25/03/2025;1000 UTC;2.3;21.8
25/03/2025;1100 UTC;211.9;23.1
25/03/2025;1200 UTC;1429.5;26.5
25/03/2025;1300 UTC;1985.4;27.8
25/03/2025;1400 UTC;2524.3;28
25/03/2025;1500 UTC;2500.9;29.5
25/03/2025;1600 UTC;2495.4;29.5
25/03/2025;1700 UTC;2386;29.8
25/03/2025;1800 UTC;2106.7;30.8
25/03/2025;1900 UTC;1978.5;30.4
25/03/2025;2000 UTC;609.1;30.4
25/03/2025;2100 UTC;937.3;29.4
25/03/2025;2200 UTC;74.6;27.7
25/03/2025;2300 UTC;;26.5
26/03/2025;0000 UTC;;24.9
26/03/2025;0100 UTC;;23.9
26/03/2025;0200 UTC;;
26/03/2025;0300 UTC;;23.6
26/03/2025;0400 UTC;;22.9
26/03/2025;0500 UTC;;23
26/03/2025;0600 UTC;;23
26/03/2025;0700 UTC;;23
26/03/2025;0800 UTC;;22.8
26/03/2025;0900 UTC;;22.7
26/03/2025;1000 UTC;3.5;22.8
26/03/2025;1100 UTC;205.8;23.8
26/03/2025;1200 UTC;579.6;24.9
26/03/2025;1300 UTC;1094.4;26.3
26/03/2025;1400 UTC;1632.1;27.7
26/03/2025;1500 UTC;2750.5;29.8
26/03/2025;1600 UTC;2958.5;29.7
26/03/2025;1700 UTC;2680.5;29.3
26/03/2025;1800 UTC;2550.4;30.2
26/03/2025;1900 UTC;1396.4;30.2
26/03/2025;2000 UTC;1311;29.1
26/03/2025;2100 UTC;639.9;28.6
26/03/2025;2200 UTC;119.3;27.5
26/03/2025;2300 UTC;;26.6
27/03/2025;0000 UTC;;26.6
27/03/2025;0100 UTC;;26.1
27/03/2025;0200 UTC;;25.2
27/03/2025;0300 UTC;;25.1
27/03/2025;0400 UTC;;24.9
27/03/2025;0500 UTC;;24.5
27/03/2025;0600 UTC;;24.4
27/03/2025;0700 UTC;;23.9
27/03/2025;0800 UTC;;23.9
27/03/2025;0900 UTC;;23.4
27/03/2025;1000 UTC;;22.8
27/03/2025;1100 UTC;84;22.9
27/03/2025;1200 UTC;409;23.2
27/03/2025;1300 UTC;714.1;24.5
27/03/2025;1400 UTC;319.4;23.3
27/03/2025;1500 UTC;224;23.2
27/03/2025;1600 UTC;311;23.3
27/03/2025;1700 UTC;680;24
27/03/2025;1800 UTC;1153.1;25.2
27/03/2025;1900 UTC;1355;26.7
27/03/2025;2000 UTC;901.5;27.5
27/03/2025;2100 UTC;742.6;26
27/03/2025;2200 UTC;97.1;24.6
27/03/2025;2300 UTC;;24.1
28/03/2025;0000 UTC;;23.8
28/03/2025;0100 UTC;;23.4
28/03/2025;0200 UTC;;23.1
28/03/2025;0300 UTC;;22.9
28/03/2025;0400 UTC;;22.6
28/03/2025;0500 UTC;;22.3
28/03/2025;0600 UTC;;21.8
28/03/2025;0700 UTC;;21.9
28/03/2025;0800 UTC;;21.8
28/03/2025;0900 UTC;;21.5
28/03/2025;1000 UTC;4.5;21.6
28/03/2025;1100 UTC;177.7;22.4
28/03/2025;1200 UTC;537.3;24
28/03/2025;1300 UTC;1279.3;25.9
28/03/2025;1400 UTC;1836.6;26.8
28/03/2025;1500 UTC;2200.5;28.6
28/03/2025;1600 UTC;2672.6;28.6
28/03/2025;1700 UTC;3010.1;29.9
28/03/2025;1800 UTC;2743.6;29.5
28/03/2025;1900 UTC;1416;29.7
28/03/2025;2000 UTC;1210.4;30.7
28/03/2025;2100 UTC;1146.7;29.5
28/03/2025;2200 UTC;63.6;28.7
28/03/2025;2300 UTC;;27.6
29/03/2025;0000 UTC;;27.4
29/03/2025;0100 UTC;;26.3
29/03/2025;0200 UTC;;26
29/03/2025;0300 UTC;;25.3
29/03/2025;0400 UTC;;24.5
29/03/2025;0500 UTC;;24.2
29/03/2025;0600 UTC;;23.8
29/03/2025;0700 UTC;;23.7
29/03/2025;0800 UTC;;23.5
29/03/2025;0900 UTC;;23.3
29/03/2025;1000 UTC;7.4;22.9
29/03/2025;1100 UTC;452.8;25.6
29/03/2025;1200 UTC;1133.6;27.8
29/03/2025;1300 UTC;886.5;28.9
29/03/2025;1400 UTC;2637;31.5
29/03/2025;1500 UTC;2258.1;31.1
29/03/2025;1600 UTC;2109.3;30.8
29/03/2025;1700 UTC;1713.3;30.7
29/03/2025;1800 UTC;382.3;23.3
29/03/2025;1900 UTC;633.5;24.7
29/03/2025;2000 UTC;261.2;25.5
29/03/2025;2100 UTC;183;26
29/03/2025;2200 UTC;51.7;25.4
29/03/2025;2300 UTC;;24.6
30/03/2025;0000 UTC;;24.6
30/03/2025;0100 UTC;;24.1
30/03/2025;0200 UTC;;24.3
30/03/2025;0300 UTC;;24.4
30/03/2025;0400 UTC;;24.2
30/03/2025;0500 UTC;;24
30/03/2025;0600 UTC;;23.7
30/03/2025;0700 UTC;;23.5
30/03/2025;0800 UTC;;23.1
30/03/2025;0900 UTC;;23.4
30/03/2025;1000 UTC;;23.6
30/03/2025;1100 UTC;127.3;23.7
30/03/2025;1200 UTC;184.4;23.8
30/03/2025;1300 UTC;719.9;24.8
30/03/2025;1400 UTC;1396.8;26.2
30/03/2025;1500 UTC;1298.9;27.4
30/03/2025;1600 UTC;2083.4;28.4
30/03/2025;1700 UTC;2817.4;29.7
30/03/2025;1800 UTC;1170.2;24.5
30/03/2025;1900 UTC;493.3;24.3
30/03/2025;2000 UTC;777.4;24.6
30/03/2025;2100 UTC;634.1;25.6
30/03/2025;2200 UTC;86.3;25
30/03/2025;2300 UTC;;24.4
31/03/2025;0000 UTC;;24.2
31/03/2025;0100 UTC;;23.5
31/03/2025;0200 UTC;;23
31/03/2025;0300 UTC;;22.9
31/03/2025;0400 UTC;;22.5
31/03/2025;0500 UTC;;22.5
31/03/2025;0600 UTC;;22.6
31/03/2025;0700 UTC;;22.2
31/03/2025;0800 UTC;;22.4
31/03/2025;0900 UTC;;22.4
31/03/2025;1000 UTC;2.2;22.5
31/03/2025;1100 UTC;107.5;23.3
31/03/2025;1200 UTC;730;25.8
31/03/2025;1300 UTC;1002.4;27.6
31/03/2025;1400 UTC;2242;28.9
31/03/2025;1500 UTC;2719.9;30
31/03/2025;1600 UTC;3119.9;30.9
31/03/2025;1700 UTC;3460.2;31.4
31/03/2025;1800 UTC;1853.5;30
31/03/2025;1900 UTC;1882;30.8
31/03/2025;2000 UTC;1450.5;30.7
31/03/2025;2100 UTC;821.5;29.8
31/03/2025;2200 UTC;56;28.3
31/03/2025;2300 UTC;;27.6
